SGL,Transect #,TransectMeterPlot,Genus,Species,Species common,Daubenmeyer,TransectLattitude ,TransectLongitude ,Heading,BurnDate,YearSinceBurn,CollectedDate,DateCollected,Time Category,Burn Unit,Days Since Burn,Season,Notes,Cleaning notes
300,4,5m,Gaultheria,procumbens,teaberry,2,"41°31'37"" N","75°28'20"" W",90E,5-22-19,5-22-19,5-11-25,5-11-25,5-10,300-1,2181,Spring,,
300,4,5m,Gaylussacia,baccata,black huckleberry,4,"41°31'37"" N","75°28'20"" W",90E,5-22-19,5-22-19,5-11-25,5-11-25,5-10,300-1,2181,Spring,,
300,4,5m,Viburnum,nudum,wild raisin,2,"41°31'37"" N","75°28'20"" W",90E,5-22-19,5-22-19,5-11-25,5-11-25,5-10,300-1,2181,Spring,,
300,4,5m,Vaccinium,angustifolium,lowbush blueberry,1,"41°31'37"" N","75°28'20"" W",90E,5-22-19,5-22-19,5-11-25,5-11-25,5-10,300-1,2181,Spring,,
300,4,5m,Quercus,ilicifolia,scrub oak,1,"41°31'37"" N","75°28'20"" W",90E,5-22-19,5-22-19,5-11-25,5-11-25,5-10,300-1,2181,Spring,,
300,4,5m,Carex,pensylvanica,PA sedge,1,"41°31'37"" N","75°28'20"" W",90E,5-22-19,5-22-19,5-11-25,5-11-25,5-10,300-1,2181,Spring,,
300,4,10m,Kalmia,angustifolia,sheep laurel,1,"41°31'37"" N","75°28'20"" W",90E,5-22-19,5-22-19,5-11-25,5-11-25,5-10,300-1,2181,Spring,,
300,4,10m,Gaylussacia,baccata,black huckleberry,4,"41°31'37"" N","75°28'20"" W",90E,5-22-19,5-22-19,5-11-25,5-11-25,5-10,300-1,2181,Spring,,
300,4,10m,Gaultheria,procumbens,teaberry,2,"41°31'37"" N","75°28'20"" W",90E,5-22-19,5-22-19,5-11-25,5-11-25,5-10,300-1,2181,Spring,,
300,4,10m,Carex,pensylvanica,PA sedge,1,"41°31'37"" N","75°28'20"" W",90E,5-22-19,5-22-19,5-11-25,5-11-25,5-10,300-1,2181,Spring,,
300,4,10m,Vaccinium,angustifolium,lowbush blueberry,1,"41°31'37"" N","75°28'20"" W",90E,5-22-19,5-22-19,5-11-25,5-11-25,5-10,300-1,2181,Spring,,
300,4,10m,Viburnum,nudum,wild raisin,2,"41°31'37"" N","75°28'20"" W",90E,5-22-19,5-22-19,5-11-25,5-11-25,5-10,300-1,2181,Spring,,
300,4,15m,Vaccinium,angustifolium,lowbush blueberry,2,"41°31'37"" N","75°28'20"" W",90E,5-22-19,5-22-19,5-11-25,5-11-25,5-10,300-1,2181,Spring,,
300,4,15m,Gaylussacia,baccata,black huckleberry,4,"41°31'37"" N","75°28'20"" W",90E,5-22-19,5-22-19,5-11-25,5-11-25,5-10,300-1,2181,Spring,,
300,4,15m,Quercus,ilicifolia,scrub oak,2,"41°31'37"" N","75°28'20"" W",90E,5-22-19,5-22-19,5-11-25,5-11-25,5-10,300-1,2181,Spring,,
300,4,15m,Gaultheria,procumbens,teaberry,3,"41°31'37"" N","75°28'20"" W",90E,5-22-19,5-22-19,5-11-25,5-11-25,5-10,300-1,2181,Spring,,
300,4,15m,Carex,pensylvanica,PA sedge,1,"41°31'37"" N","75°28'20"" W",90E,5-22-19,5-22-19,5-11-25,5-11-25,5-10,300-1,2181,Spring,,
300,4,15m,Kalmia,angustifolia,sheep laurel,1,"41°31'37"" N","75°28'20"" W",90E,5-22-19,5-22-19,5-11-25,5-11-25,5-10,300-1,2181,Spring,,
300,4,20m,Kalmia,angustifolia,sheep laurel,1,"41°31'37"" N","75°28'20"" W",90E,5-22-19,5-22-19,5-11-25,5-11-25,5-10,300-1,2181,Spring,,
300,4,20m,Gaultheria,procumbens,teaberry,3,"41°31'37"" N","75°28'20"" W",90E,5-22-19,5-22-19,5-11-25,5-11-25,5-10,300-1,2181,Spring,,
300,4,20m,Viburnum,nudum,wild raisin,3,"41°31'37"" N","75°28'20"" W",90E,5-22-19,5-22-19,5-11-25,5-11-25,5-10,300-1,2181,Spring,,
300,4,20m,Quercus,ilicifolia,scrub oak,2,"41°31'37"" N","75°28'20"" W",90E,5-22-19,5-22-19,5-11-25,5-11-25,5-10,300-1,2181,Spring,,
300,5,5m,Aronia,melanocarpa,black chokeberry,3,"41°31'45"" N","75°28'13"" W",107E,5-22-19,5-22-19,5-11-25,5-11-25,5-10,300-1,2181,Spring,,
300,5,5m,Quercus,ilicifolia,scrub oak,2,"41°31'45"" N","75°28'13"" W",107E,5-22-19,5-22-19,5-11-25,5-11-25,5-10,300-1,2181,Spring,,
300,5,10m,Kalmia,angustifolia,sheep laurel,4,"41°31'45"" N","75°28'13"" W",107E,5-22-19,5-22-19,5-11-25,5-11-25,5-10,300-1,2181,Spring,,
300,5,10m,Aronia,melanocarpa,black chokeberry,3,"41°31'45"" N","75°28'13"" W",107E,5-22-19,5-22-19,5-11-25,5-11-25,5-10,300-1,2181,Spring,,
300,5,10m,Vaccinium,angustifolium,lowbush blueberry,2,"41°31'45"" N","75°28'13"" W",107E,5-22-19,5-22-19,5-11-25,5-11-25,5-10,300-1,2181,Spring,,
300,5,15m,Quercus,ilicifolia,scrub oak,2,"41°31'45"" N","75°28'13"" W",107E,5-22-19,5-22-19,5-11-25,5-11-25,5-10,300-1,2181,Spring,,
300,5,15m,Aronia,melanocarpa,black chokeberry,4,"41°31'45"" N","75°28'13"" W",107E,5-22-19,5-22-19,5-11-25,5-11-25,5-10,300-1,2181,Spring,,
300,5,15m,Kalmia,angustifolia,sheep laurel,2,"41°31'45"" N","75°28'13"" W",107E,5-22-19,5-22-19,5-11-25,5-11-25,5-10,300-1,2181,Spring,,
300,5,15m,Gaultheria,procumbens,teaberry,3,"41°31'45"" N","75°28'13"" W",107E,5-22-19,5-22-19,5-11-25,5-11-25,5-10,300-1,2181,Spring,,
300,5,15m,Maianthemum,canadense,Canada mayflower,2,"41°31'45"" N","75°28'13"" W",107E,5-22-19,5-22-19,5-11-25,5-11-25,5-10,300-1,2181,Spring,,
300,5,20m,Aronia,melanocarpa,black chokeberry,4,"41°31'45"" N","75°28'13"" W",107E,5-22-19,5-22-19,5-11-25,5-11-25,5-10,300-1,2181,Spring,,
300,5,20m,Gaultheria,procumbens,teaberry,3,"41°31'45"" N","75°28'13"" W",107E,5-22-19,5-22-19,5-11-25,5-11-25,5-10,300-1,2181,Spring,,
300,5,20m,Vaccinium,angustifolium,lowbush blueberry,2,"41°31'45"" N","75°28'13"" W",107E,5-22-19,5-22-19,5-11-25,5-11-25,5-10,300-1,2181,Spring,,
300,5,20m,Maianthemum,canadense,Canada mayflower,2,"41°31'45"" N","75°28'13"" W",107E,5-22-19,5-22-19,5-11-25,5-11-25,5-10,300-1,2181,Spring,,
300,5,20m,Quercus,ilicifolia,scrub oak,1,"41°31'45"" N","75°28'13"" W",107E,5-22-19,5-22-19,5-11-25,5-11-25,5-10,300-1,2181,Spring,,
300,5,20m,Kalmia,angustifolia,sheep laurel,1,"41°31'45"" N","75°28'13"" W",107E,5-22-19,5-22-19,5-11-25,5-11-25,5-10,300-1,2181,Spring,,
300,6,5m,Kalmia,angustifolia,sheep laurel,4,"41°31'48"" N","75°28'9"" W",111E,5-22-19,5-22-19,5-11-25,5-11-25,5-10,300-1,2181,Spring,,
300,6,5m,Vaccinium,angustifolium,lowbush blueberry,3,"41°31'48"" N","75°28'9"" W",111E,5-22-19,5-22-19,5-11-25,5-11-25,5-10,300-1,2181,Spring,,
300,6,5m,Gaultheria,procumbens,teaberry,3,"41°31'48"" N","75°28'9"" W",111E,5-22-19,5-22-19,5-11-25,5-11-25,5-10,300-1,2181,Spring,,
300,6,5m,Quercus,ilicifolia,scrub oak,1,"41°31'48"" N","75°28'9"" W",111E,5-22-19,5-22-19,5-11-25,5-11-25,5-10,300-1,2181,Spring,,
300,6,10m,Vaccinium,angustifolium,lowbush blueberry,3,"41°31'48"" N","75°28'9"" W",111E,5-22-19,5-22-19,5-11-25,5-11-25,5-10,300-1,2181,Spring,,
300,6,10m,Carex,pensylvanica,PA sedge,1,"41°31'48"" N","75°28'9"" W",111E,5-22-19,5-22-19,5-11-25,5-11-25,5-10,300-1,2181,Spring,,
300,6,10m,Gaultheria,procumbens,teaberry,2,"41°31'48"" N","75°28'9"" W",111E,5-22-19,5-22-19,5-11-25,5-11-25,5-10,300-1,2181,Spring,,
300,6,10m,Kalmia,angustifolia,sheep laurel,2,"41°31'48"" N","75°28'9"" W",111E,5-22-19,5-22-19,5-11-25,5-11-25,5-10,300-1,2181,Spring,,
300,6,10m,Quercus,ilicifolia,scrub oak,1,"41°31'48"" N","75°28'9"" W",111E,5-22-19,5-22-19,5-11-25,5-11-25,5-10,300-1,2181,Spring,,
300,6,15m,Vaccinium,angustifolium,lowbush blueberry,3,"41°31'48"" N","75°28'9"" W",111E,5-22-19,5-22-19,5-11-25,5-11-25,5-10,300-1,2181,Spring,,
300,6,15m,Kalmia,angustifolia,sheep laurel,1,"41°31'48"" N","75°28'9"" W",111E,5-22-19,5-22-19,5-11-25,5-11-25,5-10,300-1,2181,Spring,,
300,6,15m,Pinus,rigida,pitch pine,1,"41°31'48"" N","75°28'9"" W",111E,5-22-19,5-22-19,5-11-25,5-11-25,5-10,300-1,2181,Spring,,
300,6,20m,Quercus,ilicifolia,scrub oak,2,"41°31'48"" N","75°28'9"" W",111E,5-22-19,5-22-19,5-11-25,5-11-25,5-10,300-1,2181,Spring,,
300,6,20m,Vaccinium,angustifolium,lowbush blueberry,3,"41°31'48"" N","75°28'9"" W",111E,5-22-19,5-22-19,5-11-25,5-11-25,5-10,300-1,2181,Spring,,
300,6,20m,Kalmia,angustifolia,sheep laurel,1,"41°31'48"" N","75°28'9"" W",111E,5-22-19,5-22-19,5-11-25,5-11-25,5-10,300-1,2181,Spring,,
300,6,20m,Gaultheria,procumbens,teaberry,1,"41°31'48"" N","75°28'9"" W",111E,5-22-19,5-22-19,5-11-25,5-11-25,5-10,300-1,2181,Spring,,
300,6,20m,Acer,rubrum,red maple,1,"41°31'48"" N","75°28'9"" W",111E,5-22-19,5-22-19,5-11-25,5-11-25,5-10,300-1,2181,Spring,,
300,7,5m,Aronia,melanocarpa,black chokeberry,2,"41°29'23""N","75°28'58""W",199S,4-25-25,4-25-25,5-11-25,5-11-25,0-1,300-1,16,Spring,,
300,7,5m,Vaccinium,angustifolium,lowbush blueberry,1,"41°29'23""N","75°28'58""W",199S,4-25-25,4-25-25,5-11-25,5-11-25,0-1,300-2,16,Spring,,
300,7,5m,Kalmia,angustifolia,sheep laurel,1,"41°29'23""N","75°28'58""W",199S,4-25-25,4-25-25,5-11-25,5-11-25,0-1,300-2,16,Spring,,
300,7,5m,Gaultheria,procumbens,teaberry,1,"41°29'23""N","75°28'58""W",199S,4-25-25,4-25-25,5-11-25,5-11-25,0-1,300-2,16,Spring,,
300,7,5m,Gaylussacia,baccata,black huckleberry,3,"41°29'23""N","75°28'58""W",199S,4-25-25,4-25-25,5-11-25,5-11-25,0-1,300-2,16,Spring,,
300,7,10m,Aronia,melanocarpa,black chokeberry,1,"41°29'23""N","75°28'58""W",199S,4-25-25,4-25-25,5-11-25,5-11-25,0-1,300-2,16,Spring,,
300,7,10m,Gaultheria,procumbens,teaberry,1,"41°29'23""N","75°28'58""W",199S,4-25-25,4-25-25,5-11-25,5-11-25,0-1,300-2,16,Spring,,
300,7,10m,Kalmia,angustifolia,sheep laurel,1,"41°29'23""N","75°28'58""W",199S,4-25-25,4-25-25,5-11-25,5-11-25,0-1,300-2,16,Spring,,
300,7,10m,Vaccinium,angustifolium,lowbush blueberry,1,"41°29'23""N","75°28'58""W",199S,4-25-25,4-25-25,5-11-25,5-11-25,0-1,300-2,16,Spring,,
300,7,10m,Dendrolycopodium,obscurum,flat-branched tree clubmoss,1,"41°29'23""N","75°28'58""W",199S,4-25-25,4-25-25,5-11-25,5-11-25,0-1,300-2,16,Spring,,
300,7,10m,Gaylussacia,baccata,black huckleberry,3,"41°29'23""N","75°28'58""W",199S,4-25-25,4-25-25,5-11-25,5-11-25,0-1,300-2,16,Spring,,
300,7,15m,Aronia,melanocarpa,black chokeberry,1,"41°29'23""N","75°28'58""W",199S,4-25-25,4-25-25,5-11-25,5-11-25,0-1,300-2,16,Spring,,
300,7,15m,Kalmia,angustifolia,sheep laurel,1,"41°29'23""N","75°28'58""W",199S,4-25-25,4-25-25,5-11-25,5-11-25,0-1,300-2,16,Spring,,
300,7,15m,Vaccinium,angustifolium,lowbush blueberry,1,"41°29'23""N","75°28'58""W",199S,4-25-25,4-25-25,5-11-25,5-11-25,0-1,300-2,16,Spring,,
300,7,15m,Gaylussacia,baccata,black huckleberry,4,"41°29'23""N","75°28'58""W",199S,4-25-25,4-25-25,5-11-25,5-11-25,0-1,300-2,16,Spring,,
300,7,20m,Vaccinium,angustifolium,lowbush blueberry,2,"41°29'23""N","75°28'58""W",199S,4-25-25,4-25-25,5-11-25,5-11-25,0-1,300-2,16,Spring,,
300,7,20m,Aronia,melanocarpa,black chokeberry,1,"41°29'23""N","75°28'58""W",199S,4-25-25,4-25-25,5-11-25,5-11-25,0-1,300-2,16,Spring,,
300,7,20m,Gaylussacia,baccata,black huckleberry,3,"41°29'23""N","75°28'58""W",199S,4-25-25,4-25-25,5-11-25,5-11-25,0-1,300-2,16,Spring,,
300,8,5m,Gaultheria,procumbens,teaberry,1,"41°29'23"" N","75°28'58"" W",202SW,4-25-25,4-25-25,5-11-25,5-11-25,0-1,300-2,16,Spring,,
300,8,5m,Vaccinium,angustifolium,lowbush blueberry,2,"41°29'23"" N","75°28'58"" W",202SW,4-25-25,4-25-25,5-11-25,5-11-25,0-1,300-2,16,Spring,,
300,8,5m,Aronia,melanocarpa,black chokeberry,1,"41°29'23"" N","75°28'58"" W",202SW,4-25-25,4-25-25,5-11-25,5-11-25,0-1,300-2,16,Spring,,
300,8,5m,Gaylussacia,baccata,black huckleberry,3,"41°29'23"" N","75°28'58"" W",202SW,4-25-25,4-25-25,5-11-25,5-11-25,0-1,300-2,16,Spring,,
300,8,10m,Gaultheria,procumbens,teaberry,3,"41°29'23"" N","75°28'58"" W",202SW,4-25-25,4-25-25,5-11-25,5-11-25,0-1,300-2,16,Spring,,
300,8,10m,Gaylussacia,baccata,black huckleberry,3,"41°29'23"" N","75°28'58"" W",202SW,4-25-25,4-25-25,5-11-25,5-11-25,0-1,300-2,16,Spring,,
300,8,10m,Vaccinium,angustifolium,lowbush blueberry,3,"41°29'23"" N","75°28'58"" W",202SW,4-25-25,4-25-25,5-11-25,5-11-25,0-1,300-2,16,Spring,,
300,8,10m,Kalmia,angustifolia,sheep laurel,1,"41°29'23"" N","75°28'58"" W",202SW,4-25-25,4-25-25,5-11-25,5-11-25,0-1,300-2,16,Spring,,
300,8,15m,Gaultheria,procumbens,teaberry,2,"41°29'23"" N","75°28'58"" W",202SW,4-25-25,4-25-25,5-11-25,5-11-25,0-1,300-2,16,Spring,,
300,8,15m,Aronia,melanocarpa,black chokeberry,1,"41°29'23"" N","75°28'58"" W",202SW,4-25-25,4-25-25,5-11-25,5-11-25,0-1,300-2,16,Spring,,
300,8,15m,Quercus,ilicifolia,scrub oak,1,"41°29'23"" N","75°28'58"" W",202SW,4-25-25,4-25-25,5-11-25,5-11-25,0-1,300-2,16,Spring,,
300,8,15m,Vaccinium,angustifolium,lowbush blueberry,1,"41°29'23"" N","75°28'58"" W",202SW,4-25-25,4-25-25,5-11-25,5-11-25,0-1,300-2,16,Spring,,
300,8,15m,Kalmia,angustifolia,sheep laurel,1,"41°29'23"" N","75°28'58"" W",202SW,4-25-25,4-25-25,5-11-25,5-11-25,0-1,300-2,16,Spring,,
300,8,20m,Gaultheria,procumbens,teaberry,3,"41°29'23"" N","75°28'58"" W",202SW,4-25-25,4-25-25,5-11-25,5-11-25,0-1,300-2,16,Spring,,
300,8,20m,Kalmia,angustifolia,sheep laurel,2,"41°29'23"" N","75°28'58"" W",202SW,4-25-25,4-25-25,5-11-25,5-11-25,0-1,300-2,16,Spring,,
300,8,20m,Quercus,ilicifolia,scrub oak,2,"41°29'23"" N","75°28'58"" W",202SW,4-25-25,4-25-25,5-11-25,5-11-25,0-1,300-2,16,Spring,,
300,8,20m,Betula,lenta,black birch,1,"41°29'23"" N","75°28'58"" W",202SW,4-25-25,4-25-25,5-11-25,5-11-25,0-1,300-2,16,Spring,,
300,9,5m,Carex,pensylvanica,PA sedge,3,"41°29'18"" N","75°28'57"" W",23NE,4-25-25,4-25-25,5-11-25,5-11-25,0-1,300-2,16,Spring,,
300,9,5m,Vaccinium,angustifolium,lowbush blueberry,3,"41°29'18"" N","75°28'57"" W",23NE,4-25-25,4-25-25,5-11-25,5-11-25,0-1,300-2,16,Spring,,
300,9,5m,Rubus,allegheniensis ,Allegheny blackberry,2,"41°29'18"" N","75°28'57"" W",23NE,4-25-25,4-25-25,5-11-25,5-11-25,0-1,300-2,16,Spring,,
300,9,5m,Aronia,melanocarpa,black chokeberry,1,"41°29'18"" N","75°28'57"" W",23NE,4-25-25,4-25-25,5-11-25,5-11-25,0-1,300-2,16,Spring,,
300,9,5m,Gaylussacia,baccata,black huckleberry,1,"41°29'18"" N","75°28'57"" W",23NE,4-25-25,4-25-25,5-11-25,5-11-25,0-1,300-2,16,Spring,,
300,9,5m,Viburnum,nudum,wild raisin,1,"41°29'18"" N","75°28'57"" W",23NE,4-25-25,4-25-25,5-11-25,5-11-25,0-1,300-2,16,Spring,,
300,9,10m,Vaccinium,angustifolium,lowbush blueberry,3,"41°29'18"" N","75°28'57"" W",23NE,4-25-25,4-25-25,5-11-25,5-11-25,0-1,300-2,16,Spring,,
300,9,10m,Aronia,melanocarpa,black chokeberry,2,"41°29'18"" N","75°28'57"" W",23NE,4-25-25,4-25-25,5-11-25,5-11-25,0-1,300-2,16,Spring,,
300,9,10m,Carex,pensylvanica,PA sedge,2,"41°29'18"" N","75°28'57"" W",23NE,4-25-25,4-25-25,5-11-25,5-11-25,0-1,300-2,16,Spring,,
300,9,10m,Quercus,ilicifolia,scrub oak,1,"41°29'18"" N","75°28'57"" W",23NE,4-25-25,4-25-25,5-11-25,5-11-25,0-1,300-2,16,Spring,,
300,9,10m,Rubus,allegheniensis ,Allegheny blackberry,1,"41°29'18"" N","75°28'57"" W",23NE,4-25-25,4-25-25,5-11-25,5-11-25,0-1,300-2,16,Spring,,
300,9,15m,Gaylussacia,baccata,black huckleberry,2,"41°29'18"" N","75°28'57"" W",23NE,4-25-25,4-25-25,5-11-25,5-11-25,0-1,300-2,16,Spring,,
300,9,15m,Vaccinium,angustifolium,lowbush blueberry,3,"41°29'18"" N","75°28'57"" W",23NE,4-25-25,4-25-25,5-11-25,5-11-25,0-1,300-2,16,Spring,,
300,9,15m,Kalmia,angustifolia,sheep laurel,3,"41°29'18"" N","75°28'57"" W",23NE,4-25-25,4-25-25,5-11-25,5-11-25,0-1,300-2,16,Spring,,
300,9,20m,Aronia,melanocarpa,black chokeberry,2,"41°29'18"" N","75°28'57"" W",23NE,4-25-25,4-25-25,5-11-25,5-11-25,0-1,300-2,16,Spring,,
300,9,20m,Vaccinium,angustifolium,lowbush blueberry,2,"41°29'18"" N","75°28'57"" W",23NE,4-25-25,4-25-25,5-11-25,5-11-25,0-1,300-2,16,Spring,,
300,9,20m,Quercus,ilicifolia,scrub oak,1,"41°29'18"" N","75°28'57"" W",23NE,4-25-25,4-25-25,5-11-25,5-11-25,0-1,300-2,16,Spring,,
300,9,20m,Gaultheria,procumbens,teaberry,1,"41°29'18"" N","75°28'57"" W",23NE,4-25-25,4-25-25,5-11-25,5-11-25,0-1,300-2,16,Spring,,
211,1,5m,Potentilla,simplex,common cinquefoil,3,"40°31'32"" N","76°33'57"" W",?,4-23-25,4-23-25,5-18-25,5-18-25,0-1,211-1,25,Spring,,
211,1,5m,Rubus,flagellaris,northern dewberry,1,"40°31'32"" N","76°33'57"" W",?,4-23-25,4-23-25,5-18-25,5-18-25,0-1,211-1,25,Spring,"Carex morpho 1, thicker than penn",
211,1,5m,Carex,sp.,Carex morpho 1,2,"40°31'32"" N","76°33'57"" W",?,4-23-25,4-23-25,5-18-25,5-18-25,0-1,211-1,25,Spring,,Changed from carex sp. To carex morpho 1
211,1,5m,Microstegium,vimineum,Japanese stiltgrass,2,"40°31'32"" N","76°33'57"" W",?,4-23-25,4-23-25,5-18-25,5-18-25,0-1,211-1,25,Spring,,
211,1,5m,Betula,lenta,black birch,2,"40°31'32"" N","76°33'57"" W",?,4-23-25,4-23-25,5-18-25,5-18-25,0-1,211-1,25,Spring,,
211,1,10m,Rubus,allegheniensis ,Allegheny blackberry,1,"40°31'32"" N","76°33'57"" W",?,4-23-25,4-23-25,5-18-25,5-18-25,0-1,211-1,25,Spring,,
211,1,10m,Potentilla,simplex,common cinquefoil,3,"40°31'32"" N","76°33'57"" W",?,4-23-25,4-23-25,5-18-25,5-18-25,0-1,211-1,25,Spring,,
211,1,10m,Betula,lenta,black birch,2,"40°31'32"" N","76°33'57"" W",?,4-23-25,4-23-25,5-18-25,5-18-25,0-1,211-1,25,Spring,,
211,1,10m,Carex,sp.,Carex morpho 1,2,"40°31'32"" N","76°33'57"" W",?,4-23-25,4-23-25,5-18-25,5-18-25,0-1,211-1,25,Spring,Carex morpho 1,Changed from carex sp. To carex morpho 1
211,1,10m,Microstegium,vimineum,Japanese stiltgrass,2,"40°31'32"" N","76°33'57"" W",?,4-23-25,4-23-25,5-18-25,5-18-25,0-1,211-1,25,Spring,,
211,1,10m,Viola,sagittata,arrowleaf violet,1,"40°31'32"" N","76°33'57"" W",?,4-23-25,4-23-25,5-18-25,5-18-25,0-1,211-1,25,Spring,,
211,1,10m,Dennstaedtia,punctilobula,hay-scented fern,1,"40°31'32"" N","76°33'57"" W",?,4-23-25,4-23-25,5-18-25,5-18-25,0-1,211-1,25,Spring,,
211,1,10m,Lysimachia,quadrifolia,whorled yellow loosestrife,1,"40°31'32"" N","76°33'57"" W",?,4-23-25,4-23-25,5-18-25,5-18-25,0-1,211-1,25,Spring,,
211,1,15m,Dennstaedtia,punctilobula,hay-scented fern,2,"40°31'32"" N","76°33'57"" W",?,4-23-25,4-23-25,5-18-25,5-18-25,0-1,211-1,25,Spring,,
211,1,15m,Lysimachia,quadrifolia,whorled yellow loosestrife,3,"40°31'32"" N","76°33'57"" W",?,4-23-25,4-23-25,5-18-25,5-18-25,0-1,211-1,25,Spring,,
211,1,15m,Rubus,allegheniensis ,Allegheny blackberry,1,"40°31'32"" N","76°33'57"" W",?,4-23-25,4-23-25,5-18-25,5-18-25,0-1,211-1,25,Spring,,
211,1,15m,Rubus,flagellaris,northern dewberry,1,"40°31'32"" N","76°33'57"" W",?,4-23-25,4-23-25,5-18-25,5-18-25,0-1,211-1,25,Spring,,
211,1,20m,Lysimachia,quadrifolia,whorled yellow loosestrife,2,"40°31'32"" N","76°33'57"" W",?,4-23-25,4-23-25,5-18-25,5-18-25,0-1,211-1,25,Spring,,
211,1,20m,Microstegium,vimineum,Japanese stiltgrass,2,"40°31'32"" N","76°33'57"" W",?,4-23-25,4-23-25,5-18-25,5-18-25,0-1,211-1,25,Spring,,
211,1,20m,Dennstaedtia,punctilobula,hay-scented fern,2,"40°31'32"" N","76°33'57"" W",?,4-23-25,4-23-25,5-18-25,5-18-25,0-1,211-1,25,Spring,,
211,1,20m,Betula,lenta,black birch,1,"40°31'32"" N","76°33'57"" W",?,4-23-25,4-23-25,5-18-25,5-18-25,0-1,211-1,25,Spring,,
211,2,5m,Carex,pensylvanica,PA sedge,3,"40°31'29"" N","76°34'0"" W",?,4-23-25,4-23-25,5-18-25,5-18-25,0-1,211-1,25,Spring,,
211,2,5m,Lysimachia,quadrifolia,whorled yellow loosestrife,3,"40°31'29"" N","76°34'0"" W",,4-23-25,4-23-25,5-18-25,5-18-25,0-1,211-1,25,Spring,,
211,2,5m,Rubus,allegheniensis,Allegheny blackberry,1,"40°31'29"" N","76°34'0"" W",,4-23-25,4-23-25,5-18-25,5-18-25,0-1,211-1,25,Spring,,
211,2,5m,Betula,lenta,black birch,1,"40°31'29"" N","76°34'0"" W",,4-23-25,4-23-25,5-18-25,5-18-25,0-1,211-1,25,Spring,,
211,2,10m,Rubus,allegheniensis,Allegheny blackberry,2,"40°31'29"" N","76°34'0"" W",,4-23-25,4-23-25,5-18-25,5-18-25,0-1,211-1,25,Spring,,
211,2,10m,Carex,pensylvanica,PA sedge,3,"40°31'29"" N","76°34'0"" W",,4-23-25,4-23-25,5-18-25,5-18-25,0-1,211-1,25,Spring,,
211,2,10m,Lysimachia,quadrifolia,whorled yellow loosestrife,2,"40°31'29"" N","76°34'0"" W",,4-23-25,4-23-25,5-18-25,5-18-25,0-1,211-1,25,Spring,,
211,2,15m,Lysimachia,quadrifolia,whorled yellow loosestrife,3,"40°31'29"" N","76°34'0"" W",,4-23-25,4-23-25,5-18-25,5-18-25,0-1,211-1,25,Spring,,
211,2,15m,Carex,pensylvanica,PA sedge,3,"40°31'29"" N","76°34'0"" W",,4-23-25,4-23-25,5-18-25,5-18-25,0-1,211-1,25,Spring,,
211,2,15m,Carex,blanda,woodland sedge,1,"40°31'29"" N","76°34'0"" W",,4-23-25,4-23-25,5-18-25,5-18-25,0-1,211-1,25,Spring,,
211,2,15m,Rubus,flagellaris,northern dewberry,1,"40°31'29"" N","76°34'0"" W",,4-23-25,4-23-25,5-18-25,5-18-25,0-1,211-1,25,Spring,,
211,2,20m,Maianthemum,racemosum,false Solomon's seal,1,"40°31'29"" N","76°34'0"" W",,4-23-25,4-23-25,5-18-25,5-18-25,0-1,211-1,25,Spring,,
211,2,20m,Lysimachia,quadrifolia,whorled yellow loosestrife,1,"40°31'29"" N","76°34'0"" W",,4-23-25,4-23-25,5-18-25,5-18-25,0-1,211-1,25,Spring,,
211,3,20m,Dichanthelium,clandestinum,deer tongue,2,"40°31'29"" N","76°34'5"" W",,4-23-25,4-23-25,5-18-25,5-18-25,0-1,211-1,25,Spring,,
211,3,20m,Lysimachia,quadrifolia,whorled yellow loosestrife,1,"40°31'29"" N","76°34'5"" W",,4-23-25,4-23-25,5-18-25,5-18-25,0-1,211-1,25,Spring,,
211,3,20m,Carex,blanda,woodland sedge,1,"40°31'29"" N","76°34'5"" W",,4-23-25,4-23-25,5-18-25,5-18-25,0-1,211-1,25,Spring,,
211,3,20m,Microstegium,vimineum,Japanese stiltgrass,2,"40°31'29"" N","76°34'5"" W",,4-23-25,4-23-25,5-18-25,5-18-25,0-1,211-1,25,Spring,,
211,3,20m,Dennstaedtia,punctilobula,hay-scented fern,1,"40°31'29"" N","76°34'5"" W",,4-23-25,4-23-25,5-18-25,5-18-25,0-1,211-1,25,Spring,,
211,3,20m,Betula,lenta,black birch,2,"40°31'29"" N","76°34'5"" W",,4-23-25,4-23-25,5-18-25,5-18-25,0-1,211-1,25,Spring,,
211,3,15m,Betula,lenta,black birch,3,"40°31'29"" N","76°34'5"" W",,4-23-25,4-23-25,5-18-25,5-18-25,0-1,211-1,25,Spring,,
211,3,15m,Lysimachia,quadrifolia,whorled yellow loosestrife,2,"40°31'29"" N","76°34'5"" W",,4-23-25,4-23-25,5-18-25,5-18-25,0-1,211-1,25,Spring,,
211,3,15m,Carex,blanda,woodland sedge,2,"40°31'29"" N","76°34'5"" W",,4-23-25,4-23-25,5-18-25,5-18-25,0-1,211-1,25,Spring,,
211,3,15m,Dichanthelium,clandestinum,deer tongue,1,"40°31'29"" N","76°34'5"" W",,4-23-25,4-23-25,5-18-25,5-18-25,0-1,211-1,25,Spring,,
211,3,15m,Rubus,flagellaris,northern dewberry,1,"40°31'29"" N","76°34'5"" W",,4-23-25,4-23-25,5-18-25,5-18-25,0-1,211-1,25,Spring,,
211,3,15m,Carex,pensylvanica,PA sedge,2,"40°31'29"" N","76°34'5"" W",,4-23-25,4-23-25,5-18-25,5-18-25,0-1,211-1,25,Spring,,
211,3,10m,Rubus,allegheniensis,Allegheny blackberry,2,"40°31'29"" N","76°34'5"" W",,4-23-25,4-23-25,5-18-25,5-18-25,0-1,211-1,25,Spring,,
211,3,10m,Carex,pensylvanica,PA sedge,1,"40°31'29"" N","76°34'5"" W",,4-23-25,4-23-25,5-18-25,5-18-25,0-1,211-1,25,Spring,,
211,3,10m,Betula,lenta,black birch,1,"40°31'29"" N","76°34'5"" W",,4-23-25,4-23-25,5-18-25,5-18-25,0-1,211-1,25,Spring,,
211,3,5m,Betula,lenta,black birch,1,"40°31'29"" N","76°34'5"" W",,4-23-25,4-23-25,5-18-25,5-18-25,0-1,211-1,25,Spring,,
211,3,5m,Rubus,flagellaris,northern dewberry,1,"40°31'29"" N","76°34'5"" W",,4-23-25,4-23-25,5-18-25,5-18-25,0-1,211-1,25,Spring,,
211,3,5m,Carex,sp.,Carex morpho 2,2,"40°31'29"" N","76°34'5"" W",,4-23-25,4-23-25,5-18-25,5-18-25,0-1,211-1,25,Spring,Carex morpho 2,
211,4,20m,Kalmia,latifolia,mountain laurel ,2,"40°31'45"" N","76°33'36"" W",,Never,Never,5-18-25,5-18-25,Never,211-2,,Spring,,
211,4,20m,,,moss morpho 1,2,"40°31'45"" N","76°33'36"" W",,Never,Never,5-18-25,5-18-25,Never,211-2,,Spring,,
211,4,15m,Medeola,virginiana,Indian cucumber ,2,"40°31'45"" N","76°33'36"" W",,Never,Never,5-18-25,5-18-25,Never,211-2,,Spring,,
211,4,15m,Gaultheria,procumbens,teaberry,3,"40°31'45"" N","76°33'36"" W",,Never,Never,5-18-25,5-18-25,Never,211-2,,Spring,,
211,4,15m,Medeola,virginiana,Indian cucumber ,2,"40°31'45"" N","76°33'36"" W",,Never,Never,5-18-25,5-18-25,Never,211-2,,Spring,,
211,4,15m,Acer,rubrum,red maple,1,"40°31'45"" N","76°33'36"" W",,Never,Never,5-18-25,5-18-25,Never,211-2,,Spring,,
211,4,15m,Kalmia,latifolia,mountain laurel ,3,"40°31'45"" N","76°33'36"" W",,Never,Never,5-18-25,5-18-25,Never,211-2,,Spring,,
211,4,15m,,,moss morpho 1,1,"40°31'45"" N","76°33'36"" W",,Never,Never,5-18-25,5-18-25,Never,211-2,,Spring,,
211,4,10m,Hamamelis,virginiana,witch-hazel,1,"40°31'45"" N","76°33'36"" W",,Never,Never,5-18-25,5-18-25,Never,211-2,,Spring,,
211,4,10m,Vaccinium,angustifolium,lowbush blueberry,5,"40°31'45"" N","76°33'36"" W",,Never,Never,5-18-25,5-18-25,Never,211-2,,Spring,,
211,4,10m,,,moss morpho 1,1,"40°31'45"" N","76°33'36"" W",,Never,Never,5-18-25,5-18-25,Never,211-2,,Spring,,
211,4,10m,Acer,rubrum,red maple,1,"40°31'45"" N","76°33'36"" W",,Never,Never,5-18-25,5-18-25,Never,211-2,,Spring,,
211,4,5m,Vaccinium,angustifolium,lowbush blueberry,3,"40°31'45"" N","76°33'36"" W",,Never,Never,5-18-25,5-18-25,Never,211-2,,Spring,,
211,4,5m,Gaultheria,procumbens,teaberry,2,"40°31'45"" N","76°33'36"" W",,Never,Never,5-18-25,5-18-25,Never,211-2,,Spring,,
211,4,5m,,,moss morpho 1,2,"40°31'45"" N","76°33'36"" W",,Never,Never,5-18-25,5-18-25,Never,211-2,,Spring,,
211,4,5m,Acer,pensylvanicum,striped maple,1,"40°31'45"" N","76°33'36"" W",,Never,Never,5-18-25,5-18-25,Never,211-2,,Spring,,
211,4,5m,Acer,rubrum,red maple,1,"40°31'45"" N","76°33'36"" W",,Never,Never,5-18-25,5-18-25,Never,211-2,,Spring,,
211,5,5m,Dendrolycopodium,obscurum,flat-branched tree clubmoss,3,"40°31'46"" N","76°33'37"" W",,Never,Never,5-18-25,5-18-25,Never,211-2,,Spring,,
211,5,5m,Gaultheria,procumbens,teaberry,2,"40°31'46"" N","76°33'37"" W",,Never,Never,5-18-25,5-18-25,Never,211-2,,Spring,,
211,5,5m,Quercus,rubra,red oak,1,"40°31'46"" N","76°33'37"" W",,Never,Never,5-18-25,5-18-25,Never,211-2,,Spring,,
211,5,10m,Dendrolycopodium,obscurum,flat-branched tree clubmoss,4,"40°31'46"" N","76°33'37"" W",,Never,Never,5-18-25,5-18-25,Never,211-2,,Spring,,
211,5,10m,Betula,lenta,black birch,2,"40°31'46"" N","76°33'37"" W",,Never,Never,5-18-25,5-18-25,Never,211-2,,Spring,,
211,5,10m,Quercus,rubra,red oak,1,"40°31'46"" N","76°33'37"" W",,Never,Never,5-18-25,5-18-25,Never,211-2,,Spring,,
211,5,15m,Dendrolycopodium,obscurum,flat-branched tree clubmoss,4,"40°31'46"" N","76°33'37"" W",,Never,Never,5-18-25,5-18-25,Never,211-2,,Spring,,
211,5,15m,Betula,lenta,black birch,3,"40°31'46"" N","76°33'37"" W",,Never,Never,5-18-25,5-18-25,Never,211-2,,Spring,,
211,5,20m,Dendrolycopodium,obscurum,flat-branched tree clubmoss,2,"40°31'46"" N","76°33'37"" W",,Never,Never,5-18-25,5-18-25,Never,211-2,,Spring,,
211,5,20m,Betula,lenta,black birch,3,"40°31'46"" N","76°33'37"" W",,Never,Never,5-18-25,5-18-25,Never,211-2,,Spring,,
211,6,20m,Tsuga,canadensis,eastern hemlock,2,"40°31'47"" N","76°33'37"" W",,Never,Never,5-18-25,5-18-25,Never,211-2,,Spring,,
211,6,20m,Dendrolycopodium,obscurum,flat-branched tree clubmoss,3,"40°31'47"" N","76°33'37"" W",,Never,Never,5-18-25,5-18-25,Never,211-2,,Spring,,
211,6,15m,Rubus,flagellaris,northern dewberry,2,"40°31'47"" N","76°33'37"" W",,Never,Never,5-18-25,5-18-25,Never,211-2,,Spring,,
211,6,15m,Dendrolycopodium,obscurum,flat-branched tree clubmoss,2,"40°31'47"" N","76°33'37"" W",,Never,Never,5-18-25,5-18-25,Never,211-2,,Spring,,
211,6,15m,Kalmia,latifolia,mountain laurel ,1,"40°31'47"" N","76°33'37"" W",,Never,Never,5-18-25,5-18-25,Never,211-2,,Spring,,
211,6,10m,Quercus,alba,white oak,1,"40°31'47"" N","76°33'37"" W",,Never,Never,5-18-25,5-18-25,Never,211-2,,Spring,,
211,6,10m,Rubus,flagellaris,northern dewberry,1,"40°31'47"" N","76°33'37"" W",,Never,Never,5-18-25,5-18-25,Never,211-2,,Spring,,
211,6,10m,Dendrolycopodium,obscurum,flat-branched tree clubmoss,1,"40°31'47"" N","76°33'37"" W",,Never,Never,5-18-25,5-18-25,Never,211-2,,Spring,,
211,6,5m,Kalmia,latifolia,mountain laurel ,3,"40°31'47"" N","76°33'37"" W",,Never,Never,5-18-25,5-18-25,Never,211-2,,Spring,,
211,6,5m,Dendrolycopodium,obscurum,flat-branched tree clubmoss,2,"40°31'47"" N","76°33'37"" W",,Never,Never,5-18-25,5-18-25,Never,211-2,,Spring,,
211,7,20m,Dennstaedtia,punctilobula,hay-scented fern,3,"40°31'33"" N","76°33'53"" W",,3-23-21,3-23-21,5-25-25,5-25-25,1-5,211-3,1524,Spring,,
211,7,20m,Betula,lenta,black birch,3,"40°31'33"" N","76°33'53"" W",,3-23-21,3-23-21,5-25-25,5-25-25,1-5,211-3,1524,Spring,,
211,7,20m,Vaccinium,pallidum,hillside blueberry,1,"40°31'33"" N","76°33'53"" W",,3-23-21,3-23-21,5-25-25,5-25-25,1-5,211-3,1524,Spring,,
211,7,20m,Lysimachia,quadrifolia,whorled yellow loosestrife,1,"40°31'33"" N","76°33'53"" W",,3-23-21,3-23-21,5-25-25,5-25-25,1-5,211-3,1524,Spring,,
211,7,20m,Rubus,flagellaris,northern dewberry,2,"40°31'33"" N","76°33'53"" W",,3-23-21,3-23-21,5-25-25,5-25-25,1-5,211-3,1524,Spring,,
211,7,15m,Rubus,hispidus,dewberry,3,"40°31'33"" N","76°33'53"" W",,3-23-21,3-23-21,5-25-25,5-25-25,1-5,211-3,1524,Spring,,
211,7,15m,Acer,rubrum,red maple,1,"40°31'33"" N","76°33'53"" W",,3-23-21,3-23-21,5-25-25,5-25-25,1-5,211-3,1524,Spring,,
211,7,15m,Betula,lenta,black birch,2,"40°31'33"" N","76°33'53"" W",,3-23-21,3-23-21,5-25-25,5-25-25,1-5,211-3,1524,Spring,,
211,7,15m,Lysimachia,quadrifolia,whorled yellow loosestrife,2,"40°31'33"" N","76°33'53"" W",,3-23-21,3-23-21,5-25-25,5-25-25,1-5,211-3,1524,Spring,,
211,7,15m,Dennstaedtia,punctilobula,hay-scented fern,2,"40°31'33"" N","76°33'53"" W",,3-23-21,3-23-21,5-25-25,5-25-25,1-5,211-3,1524,Spring,,
211,7,15m,Vaccinium,pallidum,hillside blueberry,2,"40°31'33"" N","76°33'53"" W",,3-23-21,3-23-21,5-25-25,5-25-25,1-5,211-3,1524,Spring,,
211,7,15m,Hamamelis,virginiana,witch-hazel,1,"40°31'33"" N","76°33'53"" W",,3-23-21,3-23-21,5-25-25,5-25-25,1-5,211-3,1524,Spring,,
211,7,15m,,,moss morpho 3,1,"40°31'33"" N","76°33'53"" W",,3-23-21,3-23-21,5-25-25,5-25-25,1-5,211-3,1524,Spring,,
211,7,15m,Carex,blanda,woodland sedge,1,"40°31'33"" N","76°33'53"" W",,3-23-21,3-23-21,5-25-25,5-25-25,1-5,211-3,1524,Spring,,
211,7,10m,Betula,lenta,black birch,4,"40°31'33"" N","76°33'53"" W",,3-23-21,3-23-21,5-25-25,5-25-25,1-5,211-3,1524,Spring,,
211,7,10m,Carex,blanda,woodland sedge,3,"40°31'33"" N","76°33'53"" W",,3-23-21,3-23-21,5-25-25,5-25-25,1-5,211-3,1524,Spring,,
211,7,10m,Vaccinium,pallidum,hillside blueberry,2,"40°31'33"" N","76°33'53"" W",,3-23-21,3-23-21,5-25-25,5-25-25,1-5,211-3,1524,Spring,,
211,7,10m,Sassafras,albidum,sassafras,1,"40°31'33"" N","76°33'53"" W",,3-23-21,3-23-21,5-25-25,5-25-25,1-5,211-3,1524,Spring,,
211,7,10m,Dennstaedtia,punctilobula,hay-scented fern,2,"40°31'33"" N","76°33'53"" W",,3-23-21,3-23-21,5-25-25,5-25-25,1-5,211-3,1524,Spring,,
211,7,10m,Lysimachia,quadrifolia,whorled yellow loosestrife,1,"40°31'33"" N","76°33'53"" W",,3-23-21,3-23-21,5-25-25,5-25-25,1-5,211-3,1524,Spring,,
211,7,10m,,,moss morpho 3,1,"40°31'33"" N","76°33'53"" W",,3-23-21,3-23-21,5-25-25,5-25-25,1-5,211-3,1524,Spring,,
211,7,5m,Carex,blanda,woodland sedge,3,"40°31'33"" N","76°33'53"" W",,3-23-21,3-23-21,5-25-25,5-25-25,1-5,211-3,1524,Spring,,
211,7,5m,Lysimachia,quadrifolia,whorled yellow loosestrife,2,"40°31'33"" N","76°33'53"" W",,3-23-21,3-23-21,5-25-25,5-25-25,1-5,211-3,1524,Spring,,
211,7,5m,Acer,rubrum,red maple,1,"40°31'33"" N","76°33'53"" W",,3-23-21,3-23-21,5-25-25,5-25-25,1-5,211-3,1524,Spring,,
211,7,5m,Rubus,hispidus,dewberry,2,"40°31'33"" N","76°33'53"" W",,3-23-21,3-23-21,5-25-25,5-25-25,1-5,211-3,1524,Spring,,
211,7,5m,Vaccinium,pallidum,hillside blueberry,,"40°31'33"" N","76°33'53"" W",,3-23-21,3-23-21,5-25-25,5-25-25,1-5,211-3,1524,Spring,,
211,7,5m,Betula,lenta,black birch,3,"40°31'33"" N","76°33'53"" W",,3-23-21,3-23-21,5-25-25,5-25-25,1-5,211-3,1524,Spring,,
211,7,5m,,,moss morpho 3,2,"40°31'33"" N","76°33'53"" W",,3-23-21,3-23-21,5-25-25,5-25-25,1-5,211-3,1524,Spring,,
211,7,5m,Carex,pensylvanica,PA sedge,2,"40°31'33"" N","76°33'53"" W",,3-23-21,3-23-21,5-25-25,5-25-25,1-5,211-3,1524,Spring,,
211,7,5m,Rubus,allegheniensis,Allegheny blackberry,1,"40°31'33"" N","76°33'53"" W",,3-23-21,3-23-21,5-25-25,5-25-25,1-5,211-3,1524,Spring,,
211,8,20m,Acer,rubrum,red maple,3,"40°31'36"" N","76°33'48"" W",,3-23-21,3-23-21,5-25-25,5-25-25,1-5,211-3,1524,Spring,,
211,8,20m,Gaultheria,procumbens,teaberry,3,"40°31'36"" N","76°33'48"" W",,3-23-21,3-23-21,5-25-25,5-25-25,1-5,211-3,1524,Spring,,
211,8,20m,Betula,lenta,black birch,1,"40°31'36"" N","76°33'48"" W",,3-23-21,3-23-21,5-25-25,5-25-25,1-5,211-3,1524,Spring,,
211,8,20m,Vaccinium,pallidum,hillside blueberry,1,"40°31'36"" N","76°33'48"" W",,3-23-21,3-23-21,5-25-25,5-25-25,1-5,211-3,1524,Spring,,
211,8,20m,Kalmia,latifolia,mountain laurel ,1,"40°31'36"" N","76°33'48"" W",,3-23-21,3-23-21,5-25-25,5-25-25,1-5,211-3,1524,Spring,,
211,8,20m,Quercus,rubra,red oak,1,"40°31'36"" N","76°33'48"" W",,3-23-21,3-23-21,5-25-25,5-25-25,1-5,211-3,1524,Spring,,
211,8,15m,Vaccinium,pallidum,hillside blueberry,2,"40°31'36"" N","76°33'48"" W",,3-23-21,3-23-21,5-25-25,5-25-25,1-5,211-3,1524,Spring,,
211,8,15m,Acer,rubrum,red maple,2,"40°31'36"" N","76°33'48"" W",,3-23-21,3-23-21,5-25-25,5-25-25,1-5,211-3,1524,Spring,,
211,8,15m,Betula,lenta,black birch,2,"40°31'36"" N","76°33'48"" W",,3-23-21,3-23-21,5-25-25,5-25-25,1-5,211-3,1524,Spring,,
211,8,15m,Hamamelis,virginiana,witch-hazel,2,"40°31'36"" N","76°33'48"" W",,3-23-21,3-23-21,5-25-25,5-25-25,1-5,211-3,1524,Spring,,
211,8,15m,Sassafras,albidum,sassafras,1,"40°31'36"" N","76°33'48"" W",,3-23-21,3-23-21,5-25-25,5-25-25,1-5,211-3,1524,Spring,,
211,8,15m,Gaultheria,procumbens,teaberry,3,"40°31'36"" N","76°33'48"" W",,3-23-21,3-23-21,5-25-25,5-25-25,1-5,211-3,1524,Spring,,
211,8,15m,,,moss morpho 3,1,"40°31'36"" N","76°33'48"" W",,3-23-21,3-23-21,5-25-25,5-25-25,1-5,211-3,1524,Spring,,
211,8,15m,Smilax,rotundifolia,common greenbriar,1,"40°31'36"" N","76°33'48"" W",,3-23-21,3-23-21,5-25-25,5-25-25,1-5,211-3,1524,Spring,,
211,8,10m,Vaccinium,pallidum,hillside blueberry,3,"40°31'36"" N","76°33'48"" W",,3-23-21,3-23-21,5-25-25,5-25-25,1-5,211-3,1524,Spring,,
211,8,10m,Acer,rubrum,red maple,2,"40°31'36"" N","76°33'48"" W",,3-23-21,3-23-21,5-25-25,5-25-25,1-5,211-3,1524,Spring,,
211,8,10m,Betula,lenta,black birch,1,"40°31'36"" N","76°33'48"" W",,3-23-21,3-23-21,5-25-25,5-25-25,1-5,211-3,1524,Spring,,
211,8,10m,Carex,vulpinoidea,fox sedge,1,"40°31'36"" N","76°33'48"" W",,3-23-21,3-23-21,5-25-25,5-25-25,1-5,211-3,1524,Spring,,
211,8,10m,Kalmia,latifolia,mountain laurel ,1,"40°31'36"" N","76°33'48"" W",,3-23-21,3-23-21,5-25-25,5-25-25,1-5,211-3,1524,Spring,,
211,8,10m,Gaultheria,procumbens,teaberry,1,"40°31'36"" N","76°33'48"" W",,3-23-21,3-23-21,5-25-25,5-25-25,1-5,211-3,1524,Spring,,
211,8,5m,Rubus,hispidus,dewberry,4,"40°31'36"" N","76°33'48"" W",,3-23-21,3-23-21,5-25-25,5-25-25,1-5,211-3,1524,Spring,,
211,8,5m,Betula,lenta,black birch,2,"40°31'36"" N","76°33'48"" W",,3-23-21,3-23-21,5-25-25,5-25-25,1-5,211-3,1524,Spring,,
211,8,5m,Comptonia,peregrina,sweet fern,1,"40°31'36"" N","76°33'48"" W",,3-23-21,3-23-21,5-25-25,5-25-25,1-5,211-3,1524,Spring,,
211,8,5m,Carex,vulpinoidea,fox sedge,1,"40°31'36"" N","76°33'48"" W",,3-23-21,3-23-21,5-25-25,5-25-25,1-5,211-3,1524,Spring,,
211,8,5m,Microstegium,vimineum,Japanese stiltgrass,1,"40°31'36"" N","76°33'48"" W",,3-23-21,3-23-21,5-25-25,5-25-25,1-5,211-3,1524,Spring,,
211,8,5m,Dennstaedtia,punctilobula,hay-scented fern,1,"40°31'36"" N","76°33'48"" W",,3-23-21,3-23-21,5-25-25,5-25-25,1-5,211-3,1524,Spring,,
211,9,20m,Betula,lenta,black birch,4,"40°31'35"" N","76°33'48"" W",,3-23-21,3-23-21,5-25-25,5-25-25,1-5,211-3,1524,Spring,,
211,9,20m,Rubus,allegheniensis,Allegheny blackberry,2,"40°31'35"" N","76°33'48"" W",,3-23-21,3-23-21,5-25-25,5-25-25,1-5,211-3,1524,Spring,,
211,9,20m,Comptonia,peregrina,sweet fern,2,"40°31'35"" N","76°33'48"" W",,3-23-21,3-23-21,5-25-25,5-25-25,1-5,211-3,1524,Spring,,
211,9,20m,Schizachyrium,scoparium,little bluestem ,2,"40°31'35"" N","76°33'48"" W",,3-23-21,3-23-21,5-25-25,5-25-25,1-5,211-3,1524,Spring,,
211,9,20m,Acer,rubrum,red maple,1,"40°31'35"" N","76°33'48"" W",,3-23-21,3-23-21,5-25-25,5-25-25,1-5,211-3,1524,Spring,,
211,9,20m,Liriodendron,tulipifera,tuliptree,1,"40°31'35"" N","76°33'48"" W",,3-23-21,3-23-21,5-25-25,5-25-25,1-5,211-3,1524,Spring,,
211,9,15m,Betula,lenta,black birch,3,"40°31'35"" N","76°33'48"" W",,3-23-21,3-23-21,5-25-25,5-25-25,1-5,211-3,1524,Spring,,
211,9,15m,Acer,rubrum,red maple,1,"40°31'35"" N","76°33'48"" W",,3-23-21,3-23-21,5-25-25,5-25-25,1-5,211-3,1524,Spring,,
211,9,15m,Carex,blanda,woodland sedge,1,"40°31'35"" N","76°33'48"" W",,3-23-21,3-23-21,5-25-25,5-25-25,1-5,211-3,1524,Spring,,
211,9,15m,Rubus,hispidus,dewberry,3,"40°31'35"" N","76°33'48"" W",,3-23-21,3-23-21,5-25-25,5-25-25,1-5,211-3,1524,Spring,,
211,9,15m,Carex,vulpinoidea,fox sedge,2,"40°31'35"" N","76°33'48"" W",,3-23-21,3-23-21,5-25-25,5-25-25,1-5,211-3,1524,Spring,,
211,9,15m,Microstegium,vimineum,Japanese stiltgrass,1,"40°31'35"" N","76°33'48"" W",,3-23-21,3-23-21,5-25-25,5-25-25,1-5,211-3,1524,Spring,,
211,9,15m,Comptonia,peregrina,sweet fern,1,"40°31'35"" N","76°33'48"" W",,3-23-21,3-23-21,5-25-25,5-25-25,1-5,211-3,1524,Spring,,
211,9,15m,,,moss morpho 3,1,"40°31'35"" N","76°33'48"" W",,3-23-21,3-23-21,5-25-25,5-25-25,1-5,211-3,1524,Spring,,
211,9,10m,Scirpus,cyperinus,woolgrass,2,"40°31'35"" N","76°33'48"" W",,3-23-21,3-23-21,5-25-25,5-25-25,1-5,211-3,1524,Spring,,
211,9,10m,Juncus,effusus,common rush,2,"40°31'35"" N","76°33'48"" W",,3-23-21,3-23-21,5-25-25,5-25-25,1-5,211-3,1524,Spring,,
211,9,10m,Acer,rubrum,red maple,1,"40°31'35"" N","76°33'48"" W",,3-23-21,3-23-21,5-25-25,5-25-25,1-5,211-3,1524,Spring,,
211,9,10m,,,Carex morpho 1,1,"40°31'35"" N","76°33'48"" W",,3-23-21,3-23-21,5-25-25,5-25-25,1-5,211-3,1524,Spring,,
211,9,10m,Rubus,hispidus,dewberry,1,"40°31'35"" N","76°33'48"" W",,3-23-21,3-23-21,5-25-25,5-25-25,1-5,211-3,1524,Spring,,
211,9,10m,,,poa morpho 1,1,"40°31'35"" N","76°33'48"" W",,3-23-21,3-23-21,5-25-25,5-25-25,1-5,211-3,1524,Spring,,Changed from poa sp. 1 to poa morpho 1
211,9,10m,Betula,lenta,black birch,1,"40°31'35"" N","76°33'48"" W",,3-23-21,3-23-21,5-25-25,5-25-25,1-5,211-3,1524,Spring,,
211,9,10m,Quercus,rubra,red oak,1,"40°31'35"" N","76°33'48"" W",,3-23-21,3-23-21,5-25-25,5-25-25,1-5,211-3,1524,Spring,,
211,9,5m,Lysimachia,quadrifolia,whorled yellow loosestrife,3,"40°31'35"" N","76°33'48"" W",,3-23-21,3-23-21,5-25-25,5-25-25,1-5,211-3,1524,Spring,,
211,9,5m,Rubus,allegheniensis,Allegheny blackberry,1,"40°31'35"" N","76°33'48"" W",,3-23-21,3-23-21,5-25-25,5-25-25,1-5,211-3,1524,Spring,,
211,9,5m,Hamamelis,virginiana,witch-hazel,1,"40°31'35"" N","76°33'48"" W",,3-23-21,3-23-21,5-25-25,5-25-25,1-5,211-3,1524,Spring,,
211,9,5m,,,poa morpho 1,1,"40°31'35"" N","76°33'48"" W",,3-23-21,3-23-21,5-25-25,5-25-25,1-5,211-3,1524,Spring,,Changed from poa sp. 1 to poa morpho 1
211,9,5m,Rubus,hispidus,dewberry,1,"40°31'35"" N","76°33'48"" W",,3-23-21,3-23-21,5-25-25,5-25-25,1-5,211-3,1524,Spring,,
211,9,5m,Betula,lenta,black birch,2,"40°31'35"" N","76°33'48"" W",,3-23-21,3-23-21,5-25-25,5-25-25,1-5,211-3,1524,Spring,,
211,9,5m,Quercus,rubra,red oak,1,"40°31'35"" N","76°33'48"" W",,3-23-21,3-23-21,5-25-25,5-25-25,1-5,211-3,1524,Spring,,
211,9,5m,Sassafras,albidum,sassafras,1,"40°31'35"" N","76°33'48"" W",,3-23-21,3-23-21,5-25-25,5-25-25,1-5,211-3,1524,Spring,,
211,9,5m,,,Moss morpho 3,1,"40°31'35"" N","76°33'48"" W",,3-23-21,3-23-21,5-25-25,5-25-25,1-5,211-3,1524,Spring,,
300,10,20m,Gaultheria,procumbens,teaberry,3,"41°29'12"" N","75°28'47"" W",283,Never,Never,6-6-25,6-6-25,Never,300-3,,Spring,,
300,10,20m,Quercus,rubra,red oak,1,"41°29'12"" N","75°28'47"" W",283,Never,Never,6-6-25,6-6-25,Never,300-3,,Spring,,
300,10,20m,Sassafras,albidum,sassafras,1,"41°29'12"" N","75°28'47"" W",283,Never,Never,6-6-25,6-6-25,Never,300-3,,Spring,,
300,10,20m,Pteridium,aquilinum,western bracken fern,2,"41°29'12"" N","75°28'47"" W",283,Never,Never,6-6-25,6-6-25,Never,300-3,,Spring,,
300,10,20m,Vaccinium,angustifolium,lowbush blueberry,2,"41°29'12"" N","75°28'47"" W",283,Never,Never,6-6-25,6-6-25,Never,300-3,,Spring,,
300,10,20m,Kalmia,angustifolia,sheep laurel,2,"41°29'12"" N","75°28'47"" W",283,Never,Never,6-6-25,6-6-25,Never,300-3,,Spring,,
300,10,20m,Maianthemum,racemosum,false Solomon's seal,1,"41°29'12"" N","75°28'47"" W",283,Never,Never,6-6-25,6-6-25,Never,300-3,,Spring,,
300,10,20m,Maianthemum,canadense,Canada mayflower,1,"41°29'12"" N","75°28'47"" W",283,Never,Never,6-6-25,6-6-25,Never,300-3,,Spring,,
300,10,20m,Huperzia,lucidula,shining clubmoss,2,"41°29'12"" N","75°28'47"" W",283,Never,Never,6-6-25,6-6-25,Never,300-3,,Spring,,
300,10,20m,Lysimachia,borealis,northern starflower,1,"41°29'12"" N","75°28'47"" W",283,Never,Never,6-6-25,6-6-25,Never,300-3,,Spring,,
300,10,20m,Amauropelta,noveboracensis,New York fern,1,"41°29'12"" N","75°28'47"" W",283,Never,Never,6-6-25,6-6-25,Never,300-3,,Spring,,
300,10,15m,Carex,blanda,woodland sedge,1,"41°29'12"" N","75°28'47"" W",283,Never,Never,6-6-25,6-6-25,Never,300-3,,Spring,,
300,10,15m,Vaccinium,angustifolium,lowbush blueberry,2,"41°29'12"" N","75°28'47"" W",283,Never,Never,6-6-25,6-6-25,Never,300-3,,Spring,,
300,10,15m,Gaultheria,procumbens,teaberry,2,"41°29'12"" N","75°28'47"" W",283,Never,Never,6-6-25,6-6-25,Never,300-3,,Spring,,
300,10,15m,Lysimachia,borealis,northern starflower,1,"41°29'12"" N","75°28'47"" W",283,Never,Never,6-6-25,6-6-25,Never,300-3,,Spring,,
300,10,15m,Pteridium,aquilinum,western bracken fern,1,"41°29'12"" N","75°28'47"" W",283,Never,Never,6-6-25,6-6-25,Never,300-3,,Spring,,
300,10,15m,Acer,rubrum,red maple,1,"41°29'12"" N","75°28'47"" W",283,Never,Never,6-6-25,6-6-25,Never,300-3,,Spring,,
300,10,15m,Kalmia,angustifolia,sheep laurel,2,"41°29'12"" N","75°28'47"" W",283,Never,Never,6-6-25,6-6-25,Never,300-3,,Spring,,
300,10,10m,Gaultheria,procumbens,teaberry,3,"41°29'12"" N","75°28'47"" W",283,Never,Never,6-6-25,6-6-25,Never,300-3,,Spring,,
300,10,10m,Vaccinium,angustifolium,lowbush blueberry,2,"41°29'12"" N","75°28'47"" W",283,Never,Never,6-6-25,6-6-25,Never,300-3,,Spring,,
300,10,10m,Kalmia,angustifolia,sheep laurel,2,"41°29'12"" N","75°28'47"" W",283,Never,Never,6-6-25,6-6-25,Never,300-3,,Spring,,
300,10,10m,Pteridium,aquilinum,western bracken fern,1,"41°29'12"" N","75°28'47"" W",283,Never,Never,6-6-25,6-6-25,Never,300-3,,Spring,,
300,10,5m,Pteridium,aquilinum,western bracken fern,2,"41°29'12"" N","75°28'47"" W",283,Never,Never,6-6-25,6-6-25,Never,300-3,,Spring,,
300,10,5m,Kalmia,angustifolia,sheep laurel,2,"41°29'12"" N","75°28'47"" W",283,Never,Never,6-6-25,6-6-25,Never,300-3,,Spring,,
300,10,5m,Vaccinium,angustifolium,lowbush blueberry,2,"41°29'12"" N","75°28'47"" W",283,Never,Never,6-6-25,6-6-25,Never,300-3,,Spring,,
300,10,5m,Quercus,rubra,red oak,1,"41°29'12"" N","75°28'47"" W",283,Never,Never,6-6-25,6-6-25,Never,300-3,,Spring,,
300,10,5m,Gaultheria,procumbens,teaberry,3,"41°29'12"" N","75°28'47"" W",283,Never,Never,6-6-25,6-6-25,Never,300-3,,Spring,,
300,10,5m,Maianthemum,racemosum,false Solomon's seal,2,"41°29'12"" N","75°28'47"" W",283,Never,Never,6-6-25,6-6-25,Never,300-3,,Spring,,
300,11,20m,Gaylussacia,baccata,black huckleberry,4,"41°29'5"" N","75°28'36"" W",236,Never,Never,6-6-25,6-6-25,Never,300-3,,Spring,,
300,11,20m,Vaccinium,angustifolium,lowbush blueberry,1,"41°29'5"" N","75°28'36"" W",236,Never,Never,6-6-25,6-6-25,Never,300-3,,Spring,,
300,11,20m,Viburnum,dentatum,arrowood viburnum,2,"41°29'5"" N","75°28'36"" W",236,Never,Never,6-6-25,6-6-25,Never,300-3,,Spring,,
300,11,20m,Huperzia,lucidula,shining clubmoss,1,"41°29'5"" N","75°28'36"" W",236,Never,Never,6-6-25,6-6-25,Never,300-3,,Spring,,
300,11,20m,Gaultheria,procumbens,teaberry,2,"41°29'5"" N","75°28'36"" W",236,Never,Never,6-6-25,6-6-25,Never,300-3,,Spring,,
300,11,15m,Pteridium,aquilinum,western bracken fern,2,"41°29'5"" N","75°28'36"" W",236,Never,Never,6-6-25,6-6-25,Never,300-3,,Spring,,
300,11,15m,Gaylussacia,baccata,black huckleberry,3,"41°29'5"" N","75°28'36"" W",236,Never,Never,6-6-25,6-6-25,Never,300-3,,Spring,,
300,11,15m,Vaccinium,angustifolium,lowbush blueberry,2,"41°29'5"" N","75°28'36"" W",236,Never,Never,6-6-25,6-6-25,Never,300-3,,Spring,,
300,11,15m,Kalmia,angustifolia,sheep laurel,1,"41°29'5"" N","75°28'36"" W",236,Never,Never,6-6-25,6-6-25,Never,300-3,,Spring,,
300,11,15m,Aronia,melanocarpa,black chokeberry,1,"41°29'5"" N","75°28'36"" W",236,Never,Never,6-6-25,6-6-25,Never,300-3,,Spring,,
300,11,15m,Gaultheria,procumbens,teaberry,2,"41°29'5"" N","75°28'36"" W",236,Never,Never,6-6-25,6-6-25,Never,300-3,,Spring,,
300,11,15m,Huperzia,lucidula,shining clubmoss,1,"41°29'5"" N","75°28'36"" W",236,Never,Never,6-6-25,6-6-25,Never,300-3,,Spring,,
300,11,10m,Pteridium,aquilinum,western bracken fern,2,"41°29'5"" N","75°28'36"" W",236,Never,Never,6-6-25,6-6-25,Never,300-3,,Spring,,
300,11,10m,Gaylussacia,baccata,black huckleberry,4,"41°29'5"" N","75°28'36"" W",236,Never,Never,6-6-25,6-6-25,Never,300-3,,Spring,,
300,11,10m,Vaccinium,angustifolium,lowbush blueberry,1,"41°29'5"" N","75°28'36"" W",236,Never,Never,6-6-25,6-6-25,Never,300-3,,Spring,,
300,11,10m,Gaultheria,procumbens,teaberry,2,"41°29'5"" N","75°28'36"" W",236,Never,Never,6-6-25,6-6-25,Never,300-3,,Spring,,
300,11,10m,Kalmia,angustifolia,sheep laurel,1,"41°29'5"" N","75°28'36"" W",236,Never,Never,6-6-25,6-6-25,Never,300-3,,Spring,,
300,11,10m,Huperzia,lucidula,shining clubmoss,1,"41°29'5"" N","75°28'36"" W",236,Never,Never,6-6-25,6-6-25,Never,300-3,,Spring,,
300,11,10m,Medeola,virginiana,Indian cucumber ,1,"41°29'5"" N","75°28'36"" W",236,Never,Never,6-6-25,6-6-25,Never,300-3,,Spring,,
300,11,5m,Viburnum,dentatum,arrowood viburnum,2,"41°29'5"" N","75°28'36"" W",236,Never,Never,6-6-25,6-6-25,Never,300-3,,Spring,,
300,11,5m,Gaylussacia,baccata,black huckleberry,3,"41°29'5"" N","75°28'36"" W",236,Never,Never,6-6-25,6-6-25,Never,300-3,,Spring,,
300,11,5m,Kalmia,angustifolia,sheep laurel,2,"41°29'5"" N","75°28'36"" W",236,Never,Never,6-6-25,6-6-25,Never,300-3,,Spring,,
300,11,5m,Medeola,virginiana,Indian cucumber ,2,"41°29'5"" N","75°28'36"" W",236,Never,Never,6-6-25,6-6-25,Never,300-3,,Spring,,
300,11,5m,Gaultheria,procumbens,teaberry,2,"41°29'5"" N","75°28'36"" W",236,Never,Never,6-6-25,6-6-25,Never,300-3,,Spring,,
300,11,5m,Pteridium,aquilinum,western bracken fern,1,"41°29'5"" N","75°28'36"" W",236,Never,Never,6-6-25,6-6-25,Never,300-3,,Spring,,
300,12,20m,Kalmia,latifolia,mountain laurel ,2,"41°29'2"" N","75°28'36"" W",296,Never,Never,6-6-25,6-6-25,Never,300-3,,Spring,,
300,12,20m,Medeola,virginiana,Indian cucumber ,1,"41°29'2"" N","75°28'36"" W",296,Never,Never,6-6-25,6-6-25,Never,300-3,,Spring,,
300,12,20m,Gaylussacia,baccata,black huckleberry,2,"41°29'2"" N","75°28'36"" W",296,Never,Never,6-6-25,6-6-25,Never,300-3,,Spring,,
300,12,20m,Vaccinium,angustifolium,lowbush blueberry,2,"41°29'2"" N","75°28'36"" W",296,Never,Never,6-6-25,6-6-25,Never,300-3,,Spring,,
300,12,20m,Gaultheria,procumbens,teaberry,2,"41°29'2"" N","75°28'36"" W",296,Never,Never,6-6-25,6-6-25,Never,300-3,,Spring,,
300,12,20m,Kalmia,angustifolia,sheep laurel,2,"41°29'2"" N","75°28'36"" W",296,Never,Never,6-6-25,6-6-25,Never,300-3,,Spring,,
300,12,20m,Pteridium,aquilinum,western bracken fern,1,"41°29'2"" N","75°28'36"" W",296,Never,Never,6-6-25,6-6-25,Never,300-3,,Spring,,
300,12,15m,Vaccinium,angustifolium,lowbush blueberry,3,"41°29'2"" N","75°28'36"" W",296,Never,Never,6-6-25,6-6-25,Never,300-3,,Spring,,
300,12,15m,Medeola,virginiana,Indian cucumber ,1,"41°29'2"" N","75°28'36"" W",296,Never,Never,6-6-25,6-6-25,Never,300-3,,Spring,,
300,12,15m,Kalmia,latifolia,mountain laurel ,2,"41°29'2"" N","75°28'36"" W",296,Never,Never,6-6-25,6-6-25,Never,300-3,,Spring,,
300,12,15m,Poa,sp.,poa morpho 1,1,"41°29'2"" N","75°28'36"" W",296,Never,Never,6-6-25,6-6-25,Never,300-3,,Spring,,
300,12,15m,Quercus,rubra,red oak,1,"41°29'2"" N","75°28'36"" W",296,Never,Never,6-6-25,6-6-25,Never,300-3,,Spring,,
300,12,10m,Kalmia,latifolia,mountain laurel ,3,"41°29'2"" N","75°28'36"" W",296,Never,Never,6-6-25,6-6-25,Never,300-3,,Spring,,
300,12,10m,Vaccinium,angustifolium,lowbush blueberry,1,"41°29'2"" N","75°28'36"" W",296,Never,Never,6-6-25,6-6-25,Never,300-3,,Spring,,
300,12,10m,Gaultheria,procumbens,teaberry,2,"41°29'2"" N","75°28'36"" W",296,Never,Never,6-6-25,6-6-25,Never,300-3,,Spring,,
300,12,10m,Medeola,virginiana,Indian cucumber ,1,"41°29'2"" N","75°28'36"" W",296,Never,Never,6-6-25,6-6-25,Never,300-3,,Spring,,
300,12,10m,Maianthemum,canadense,Canada mayflower,1,"41°29'2"" N","75°28'36"" W",296,Never,Never,6-6-25,6-6-25,Never,300-3,,Spring,,
300,12,10m,Quercus,rubra,red oak,1,"41°29'2"" N","75°28'36"" W",296,Never,Never,6-6-25,6-6-25,Never,300-3,,Spring,,
300,12,10m,Poa,sp.,poa morpho 1,1,"41°29'2"" N","75°28'36"" W",296,Never,Never,6-6-25,6-6-25,Never,300-3,,Spring,,
300,12,10m,Aronia,melanocarpa,black chokeberry,1,"41°29'2"" N","75°28'36"" W",296,Never,Never,6-6-25,6-6-25,Never,300-3,,Spring,,
300,12,10m,Gaylussacia,baccata,black huckleberry,1,"41°29'2"" N","75°28'36"" W",296,Never,Never,6-6-25,6-6-25,Never,300-3,,Spring,,
300,12,5m,Gaylussacia,baccata,black huckleberry,3,"41°29'2"" N","75°28'36"" W",296,Never,Never,6-6-25,6-6-25,Never,300-3,,Spring,,
300,12,5m,Vaccinium,angustifolium,lowbush blueberry,2,"41°29'2"" N","75°28'36"" W",296,Never,Never,6-6-25,6-6-25,Never,300-3,,Spring,,
300,12,5m,Solidago,rugosa,wrinkleleaf goldenrod,1,"41°29'2"" N","75°28'36"" W",296,Never,Never,6-6-25,6-6-25,Never,300-3,,Spring,,
300,12,5m,Lysimachia,borealis,northern starflower,1,"41°29'2"" N","75°28'36"" W",296,Never,Never,6-6-25,6-6-25,Never,300-3,,Spring,,
300,12,5m,Kalmia,latifolia,mountain laurel ,2,"41°29'2"" N","75°28'36"" W",296,Never,Never,6-6-25,6-6-25,Never,300-3,,Spring,,
210,1,5m,Medeola,virginiana,Indian cucumber ,3,"40°31'3"" N","76°41'22"" W",96,Never,Never,6-7-25,6-7-25,Never,210-1,,Spring,,
210,1,5m,Dennstaedtia,punctilobula,hay-scented fern,3,"40°31'3"" N","76°41'22"" W",96,Never,Never,6-7-25,6-7-25,Never,210-1,,Spring,,
210,1,5m,Vaccinium,angustifolium,lowbush blueberry,2,"40°31'3"" N","76°41'22"" W",96,Never,Never,6-7-25,6-7-25,Never,210-1,,Spring,,
210,1,10m,Vaccinium,corymbosum,highbush blueberry,2,"40°31'3"" N","76°41'22"" W",96,Never,Never,6-7-25,6-7-25,Never,210-1,,Spring,,
210,1,10m,Vaccinium,angustifolium,lowbush blueberry,2,"40°31'3"" N","76°41'22"" W",96,Never,Never,6-7-25,6-7-25,Never,210-1,,Spring,,
210,1,10m,Dennstaedtia,punctilobula,hay-scented fern,3,"40°31'3"" N","76°41'22"" W",96,Never,Never,6-7-25,6-7-25,Never,210-1,,Spring,,
210,1,15m,Dennstaedtia,punctilobula,hay-scented fern,4,"40°31'3"" N","76°41'22"" W",96,Never,Never,6-7-25,6-7-25,Never,210-1,,Spring,,
210,1,15m,Rubus,hispidus,dewberry,1,"40°31'3"" N","76°41'22"" W",96,Never,Never,6-7-25,6-7-25,Never,210-1,,Spring,,
210,1,15m,Carex,sp.,Carex morpho 1,1,"40°31'3"" N","76°41'22"" W",96,Never,Never,6-7-25,6-7-25,Never,210-1,,Spring,,Changed from Carex (look for photo) to carex morpho 1
210,1,15m,Betula,lenta,black birch,1,"40°31'3"" N","76°41'22"" W",96,Never,Never,6-7-25,6-7-25,Never,210-1,,Spring,,
210,1,20m,Rubus,flagellaris,northern dewberry,2,"40°31'3"" N","76°41'22"" W",96,Never,Never,6-7-25,6-7-25,Never,210-1,,Spring,,
210,1,20m,Dennstaedtia,punctilobula,hay-scented fern,4,"40°31'3"" N","76°41'22"" W",96,Never,Never,6-7-25,6-7-25,Never,210-1,,Spring,,
210,1,20m,Viola,sororia,common violet,2,"40°31'3"" N","76°41'22"" W",96,Never,Never,6-7-25,6-7-25,Never,210-1,,Spring,,
210,1,20m,Betula,lenta,black birch,1,"40°31'3"" N","76°41'22"" W",96,Never,Never,6-7-25,6-7-25,Never,210-1,,Spring,,
210,1,20m,Carex,sp.,Carex morpho 1,1,"40°31'3"" N","76°41'22"" W",96,Never,Never,6-7-25,6-7-25,Never,210-1,,Spring,,Changed from Carex (look for photo) to carex morpho 1
210,1,20m,Poa,sp.,poa morpho 1,1,"40°31'3"" N","76°41'22"" W",96,Never,Never,6-7-25,6-7-25,Never,210-1,,Spring,,
210,2,5m,Vaccinium,corymbosum,highbush blueberry,2,"40°30'60"" N","76°41'23"" W",256,Never,Never,6-7-25,6-7-25,Never,210-1,,Spring,,
210,2,5m,Amauropelta,noveboracensis,New York fern,3,"40°30'60"" N","76°41'23"" W",256,Never,Never,6-7-25,6-7-25,Never,210-1,,Spring,,
210,2,5m,Rubus,hispidus,dewberry,3,"40°30'60"" N","76°41'23"" W",256,Never,Never,6-7-25,6-7-25,Never,210-1,,Spring,,
210,2,5m,Osmundastrum,cinnamomeum,cinnamon fern,3,"40°30'60"" N","76°41'23"" W",256,Never,Never,6-7-25,6-7-25,Never,210-1,,Spring,,
210,2,10m,Vaccinium,angustifolium,lowbush blueberry,2,"40°30'60"" N","76°41'23"" W",256,Never,Never,6-7-25,6-7-25,Never,210-1,,Spring,,
210,2,10m,Osmundastrum,cinnamomeum,cinnamon fern,3,"40°30'60"" N","76°41'23"" W",256,Never,Never,6-7-25,6-7-25,Never,210-1,,Spring,,
210,2,10m,Vaccinium,corymbosum,highbush blueberry,2,"40°30'60"" N","76°41'23"" W",256,Never,Never,6-7-25,6-7-25,Never,210-1,,Spring,,
210,2,10m,Maianthemum,canadense,Canada mayflower,1,"40°30'60"" N","76°41'23"" W",256,Never,Never,6-7-25,6-7-25,Never,210-1,,Spring,,
210,2,10m,Acer,rubrum,red maple,1,"40°30'60"" N","76°41'23"" W",256,Never,Never,6-7-25,6-7-25,Never,210-1,,Spring,,
210,2,15m,Maianthemum,canadense,Canada mayflower,2,"40°30'60"" N","76°41'23"" W",256,Never,Never,6-7-25,6-7-25,Never,210-1,,Spring,,
210,2,15m,Amauropelta,noveboracensis,New York fern,3,"40°30'60"" N","76°41'23"" W",256,Never,Never,6-7-25,6-7-25,Never,210-1,,Spring,,
210,2,15m,Quercus,rubra,red oak,1,"40°30'60"" N","76°41'23"" W",256,Never,Never,6-7-25,6-7-25,Never,210-1,,Spring,,
210,2,15m,Rubus,hispidus,dewberry,1,"40°30'60"" N","76°41'23"" W",256,Never,Never,6-7-25,6-7-25,Never,210-1,,Spring,,
210,2,15m,Medeola,virginiana,Indian cucumber ,1,"40°30'60"" N","76°41'23"" W",256,Never,Never,6-7-25,6-7-25,Never,210-1,,Spring,,
210,2,20m,Osmundastrum,cinnamomeum,cinnamon fern,3,"40°30'60"" N","76°41'23"" W",256,Never,Never,6-7-25,6-7-25,Never,210-1,,Spring,,
210,2,20m,,,sphagnum moss,4,"40°30'60"" N","76°41'23"" W",256,Never,Never,6-7-25,6-7-25,Never,210-1,,Spring,,
210,2,20m,Viola,sororia,woodland violet,1,"40°30'60"" N","76°41'23"" W",256,Never,Never,6-7-25,6-7-25,Never,210-1,,Spring,,
210,2,20m,Maianthemum,canadense,Canada mayflower,2,"40°30'60"" N","76°41'23"" W",256,Never,Never,6-7-25,6-7-25,Never,210-1,,Spring,,
210,2,20m,Rubus,hispidus,dewberry,1,"40°30'60"" N","76°41'23"" W",256,Never,Never,6-7-25,6-7-25,Never,210-1,,Spring,,
210,3,5m,Vaccinium,angustifolium,lowbush blueberry,1,"40°31'6"" N","76°41'8"" W",6,Never,Never,6-7-25,6-7-25,Never,210-1,,Spring,,
210,3,5m,Acer,rubrum,red maple,1,"40°31'6"" N","76°41'8"" W",6,Never,Never,6-7-25,6-7-25,Never,210-1,,Spring,,
210,3,10m,Vaccinium,angustifolium,lowbush blueberry,2,"40°31'6"" N","76°41'8"" W",6,Never,Never,6-7-25,6-7-25,Never,210-1,,Spring,,
210,3,10m,Acer,rubrum,red maple,2,"40°31'6"" N","76°41'8"" W",6,Never,Never,6-7-25,6-7-25,Never,210-1,,Spring,,
210,3,10m,Sassafras,albidum,sassafras,1,"40°31'6"" N","76°41'8"" W",6,Never,Never,6-7-25,6-7-25,Never,210-1,,Spring,,
210,3,15m,Vaccinium,angustifolium,lowbush blueberry,2,"40°31'6"" N","76°41'8"" W",6,Never,Never,6-7-25,6-7-25,Never,210-1,,Spring,,
210,3,15m,Gaultheria,procumbens,teaberry,2,"40°31'6"" N","76°41'8"" W",6,Never,Never,6-7-25,6-7-25,Never,210-1,,Spring,,
210,3,15m,Acer,rubrum,red maple,1,"40°31'6"" N","76°41'8"" W",6,Never,Never,6-7-25,6-7-25,Never,210-1,,Spring,,
210,3,20m,Vaccinium,angustifolium,lowbush blueberry,3,"40°31'6"" N","76°41'8"" W",6,Never,Never,6-7-25,6-7-25,Never,210-1,,Spring,,
210,3,20m,Acer,rubrum,red maple,1,"40°31'6"" N","76°41'8"" W",6,Never,Never,6-7-25,6-7-25,Never,210-1,,Spring,,
210,4,20m,Dennstaedtia,punctilobula,hay-scented fern,5,"40°30'55"" N","76°40'9"" W",177,3-12-2025,3-12-2025,6-7-25,6-7-25,0-1,210-2,87,Spring,,
210,4,15m,Dennstaedtia,punctilobula,hay-scented fern,5,"40°30'55"" N","76°40'9"" W",177,3-12-2025,3-12-2025,6-7-25,6-7-25,0-1,210-2,87,Spring,,
210,4,10m,Dennstaedtia,punctilobula,hay-scented fern,5,"40°30'55"" N","76°40'9"" W",177,3-12-2025,3-12-2025,6-7-25,6-7-25,0-1,210-2,87,Spring,,
210,4,10m,Rubus,allegheniensis,Allegheny blackberry,1,"40°30'55"" N","76°40'9"" W",177,3-12-2025,3-12-2025,6-7-25,6-7-25,0-1,210-2,87,Spring,,
210,4,5m,Dennstaedtia,punctilobula,hay-scented fern,5,"40°30'55"" N","76°40'9"" W",177,3-12-2025,3-12-2025,6-7-25,6-7-25,0-1,210-2,87,Spring,,
210,5,20m,Dennstaedtia,punctilobula,hay-scented fern,4,"40°30'55"" N","76°40'9"" W",130,3-12-2025,3-12-2025,6-7-25,6-7-25,0-1,210-2,87,Spring,,
210,5,15m,Dennstaedtia,punctilobula,hay-scented fern,5,"40°30'55"" N","76°40'9"" W",130,3-12-2025,3-12-2025,6-7-25,6-7-25,0-1,210-2,87,Spring,,
210,5,15m,Rubus,hispidus,dewberry,1,"40°30'55"" N","76°40'9"" W",130,3-12-2025,3-12-2025,6-7-25,6-7-25,0-1,210-2,87,Spring,,
210,5,10m,Dennstaedtia,punctilobula,hay-scented fern,3,"40°30'55"" N","76°40'9"" W",130,3-12-2025,3-12-2025,6-7-25,6-7-25,0-1,210-2,87,Spring,,
210,5,10m,Berberis,thunbergii,Japanese barberry,1,"40°30'55"" N","76°40'9"" W",130,3-12-2025,3-12-2025,6-7-25,6-7-25,0-1,210-2,87,Spring,,
210,5,10m,Rubus,allegheniensis,Allegheny blackberry,2,"40°30'55"" N","76°40'9"" W",130,3-12-2025,3-12-2025,6-7-25,6-7-25,0-1,210-2,87,Spring,,
210,5,5m,Dennstaedtia,punctilobula,hay-scented fern,4,"40°30'55"" N","76°40'9"" W",130,3-12-2025,3-12-2025,6-7-25,6-7-25,0-1,210-2,87,Spring,,
210,5,5m,Rubus,hispidus,dewberry,1,"40°30'55"" N","76°40'9"" W",130,3-12-2025,3-12-2025,6-7-25,6-7-25,0-1,210-2,87,Spring,,
210,6,20m,Gaultheria,procumbens,teaberry,1,"40°30'59"" N","76°40'3"" W",65,3-12-2025,3-12-2025,6-7-25,6-7-25,0-1,210-2,87,Spring,,
210,6,20m,Lysimachia,borealis,northern starflower,2,"40°30'59"" N","76°40'3"" W",65,3-12-2025,3-12-2025,6-7-25,6-7-25,0-1,210-2,87,Spring,,
210,6,20m,,,black huckleberry,2,"40°30'59"" N","76°40'3"" W",65,3-12-2025,3-12-2025,6-7-25,6-7-25,0-1,210-2,87,Spring,,changed from in photo to black huckleberry
210,6,20m,Acer,rubrum,red maple,1,"40°30'59"" N","76°40'3"" W",65,3-12-2025,3-12-2025,6-7-25,6-7-25,0-1,210-2,87,Spring,,
210,6,15m,Gaultheria,procumbens,teaberry,2,"40°30'59"" N","76°40'3"" W",65,3-12-2025,3-12-2025,6-7-25,6-7-25,0-1,210-2,87,Spring,,
210,6,15m,Smilax,rotundifolia,common greenbriar,1,"40°30'59"" N","76°40'3"" W",65,3-12-2025,3-12-2025,6-7-25,6-7-25,0-1,210-2,87,Spring,,
210,6,15m,,,black huckleberry,3,"40°30'59"" N","76°40'3"" W",65,3-12-2025,3-12-2025,6-7-25,6-7-25,0-1,210-2,87,Spring,,changed from in photo to black huckleberry
210,6,10m,,,black huckleberry,3,"40°30'59"" N","76°40'3"" W",65,3-12-2025,3-12-2025,6-7-25,6-7-25,0-1,210-2,87,Spring,,changed from in photo to black huckleberry
210,6,10m,Sassafras,albidum,sassafras,1,"40°30'59"" N","76°40'3"" W",65,3-12-2025,3-12-2025,6-7-25,6-7-25,0-1,210-2,87,Spring,,
210,6,10m,Smilax,rotundifolia,common greenbriar,1,"40°30'59"" N","76°40'3"" W",65,3-12-2025,3-12-2025,6-7-25,6-7-25,0-1,210-2,87,Spring,,
210,6,10m,,,witch-hazel,1,"40°30'59"" N","76°40'3"" W",65,3-12-2025,3-12-2025,6-7-25,6-7-25,0-1,210-2,87,Spring,,changed from in photo 2  to witchazel
210,6,10m,Gaultheria,procumbens,teaberry,2,"40°30'59"" N","76°40'3"" W",65,3-12-2025,3-12-2025,6-7-25,6-7-25,0-1,210-2,87,Spring,,
210,6,5m,,,black huckleberry,3,"40°30'59"" N","76°40'3"" W",65,3-12-2025,3-12-2025,6-7-25,6-7-25,0-1,210-2,87,Spring,,changed from in photo to black huckleberry
210,6,5m,Smilax,rotundifolia,common greenbriar,2,"40°30'59"" N","76°40'3"" W",65,3-12-2025,3-12-2025,6-7-25,6-7-25,0-1,210-2,87,Spring,,
38,1,20m,Vaccinium,pallidum,hillside blueberry,5,"41°3'13"" N","75°24'1"" W",248,4-25-22,4-25-22,6-13-25,6-13-25,1-5,38-1,1145,Spring,,
38,1,20m,Pteridium,aquilinum,western bracken fern,1,"41°3'13"" N","75°24'1"" W",,4-25-22,4-25-22,6-13-25,6-13-25,1-5,38-1,1145,Spring,,
38,1,20m,Medeola,virginiana,Indian cucumber ,1,"41°3'13"" N","75°24'1"" W",,4-25-22,4-25-22,6-13-25,6-13-25,1-5,38-1,1145,Spring,,
38,1,20m,Kalmia,angustifolia,sheep laurel,1,"41°3'13"" N","75°24'1"" W",,4-25-22,4-25-22,6-13-25,6-13-25,1-5,38-1,1145,Spring,,
38,1,20m,Gaultheria,procumbens,teaberry,1,"41°3'13"" N","75°24'1"" W",,4-25-22,4-25-22,6-13-25,6-13-25,1-5,38-1,1145,Spring,,
38,1,20m,Rubus,hispidus,dewberry,1,"41°3'13"" N","75°24'1"" W",,4-25-22,4-25-22,6-13-25,6-13-25,1-5,38-1,1145,Spring,,
38,1,15m,Vaccinium,pallidum,hillside blueberry,5,"41°3'13"" N","75°24'1"" W",,4-25-22,4-25-22,6-13-25,6-13-25,1-5,38-1,1145,Spring,,
38,1,15m,Medeola,virginiana,Indian cucumber ,1,"41°3'13"" N","75°24'1"" W",,4-25-22,4-25-22,6-13-25,6-13-25,1-5,38-1,1145,Spring,,
38,1,15m,Gaultheria,procumbens,teaberry,2,"41°3'13"" N","75°24'1"" W",,4-25-22,4-25-22,6-13-25,6-13-25,1-5,38-1,1145,Spring,,
38,1,15m,Kalmia,angustifolia,sheep laurel,2,"41°3'13"" N","75°24'1"" W",,4-25-22,4-25-22,6-13-25,6-13-25,1-5,38-1,1145,Spring,,
38,1,15m,Acer,rubrum,red maple,1,"41°3'13"" N","75°24'1"" W",,4-25-22,4-25-22,6-13-25,6-13-25,1-5,38-1,1145,Spring,,
38,1,10m,Rubus,hispidus,dewberry,1,"41°3'13"" N","75°24'1"" W",,4-25-22,4-25-22,6-13-25,6-13-25,1-5,38-1,1145,Spring,,
38,1,10m,Kalmia,angustifolia,sheep laurel,1,"41°3'13"" N","75°24'1"" W",,4-25-22,4-25-22,6-13-25,6-13-25,1-5,38-1,1145,Spring,,
38,1,10m,Vaccinium,corymbosum,highbush blueberry,5,"41°3'13"" N","75°24'1"" W",,4-25-22,4-25-22,6-13-25,6-13-25,1-5,38-1,1145,Spring,,
38,1,10m,Gaultheria,procumbens,teaberry,2,"41°3'13"" N","75°24'1"" W",,4-25-22,4-25-22,6-13-25,6-13-25,1-5,38-1,1145,Spring,,
38,1,10m,Carex,pensylvanica,PA sedge,2,"41°3'13"" N","75°24'1"" W",,4-25-22,4-25-22,6-13-25,6-13-25,1-5,38-1,1145,Spring,,
38,1,10m,Pteridium,aquilinum,western bracken fern,1,"41°3'13"" N","75°24'1"" W",,4-25-22,4-25-22,6-13-25,6-13-25,1-5,38-1,1145,Spring,,
38,1,5m,Vaccinium,pallidum,hillside blueberry,4,"41°3'13"" N","75°24'1"" W",,4-25-22,4-25-22,6-13-25,6-13-25,1-5,38-1,1145,Spring,,
38,1,5m,Kalmia,angustifolia,sheep laurel,1,"41°3'13"" N","75°24'1"" W",,4-25-22,4-25-22,6-13-25,6-13-25,1-5,38-1,1145,Spring,,
38,1,5m,Carex,pensylvanica,PA sedge,2,"41°3'13"" N","75°24'1"" W",,4-25-22,4-25-22,6-13-25,6-13-25,1-5,38-1,1145,Spring,,
38,1,5m,,,common hairmoss,1,"41°3'13"" N","75°24'1"" W",,4-25-22,4-25-22,6-13-25,6-13-25,1-5,38-1,1145,Spring,,
38,1,5m,Rubus,hispidus,dewberry,1,"41°3'13"" N","75°24'1"" W",,4-25-22,4-25-22,6-13-25,6-13-25,1-5,38-1,1145,Spring,,
38,1,5m,Gaultheria,procumbens,teaberry,1,"41°3'13"" N","75°24'1"" W",,4-25-22,4-25-22,6-13-25,6-13-25,1-5,38-1,1145,Spring,,
38,1,5m,Rubus,flagellaris,northern dewberry,1,"41°3'13"" N","75°24'1"" W",,4-25-22,4-25-22,6-13-25,6-13-25,1-5,38-1,1145,Spring,,
38,1,5m,Lysimachia,quadrifolia,whorled yellow loosestrife,1,"41°3'13"" N","75°24'1"" W",,4-25-22,4-25-22,6-13-25,6-13-25,1-5,38-1,1145,Spring,,
38,1,20m,,,black huckleberry,4,"41°3'13"" N","75°24'1"" W",248,4-25-22,4-25-22,9-20-2025,6-13-25,1-5,38-1,1244,Fall,,
38,1,20m,,,sheep laurel,2,"41°3'13"" N","75°24'1"" W",248,4-25-22,4-25-22,9-20-2025,6-13-25,1-5,38-1,1244,Fall,,
38,1,20m,,,teaberry,3,"41°3'13"" N","75°24'1"" W",248,4-25-22,4-25-22,9-20-2025,6-13-25,1-5,38-1,1244,Fall,,
38,1,15m,,,northern dewberry,1,"41°3'13"" N","75°24'1"" W",248,4-25-22,4-25-22,9-20-2025,6-13-25,1-5,38-1,1244,Fall,,
38,1,15m,,,black huckleberry,5,"41°3'13"" N","75°24'1"" W",248,4-25-22,4-25-22,9-20-2025,6-13-25,1-5,38-1,1244,Fall,,
38,1,15m,,,teaberry,2,"41°3'13"" N","75°24'1"" W",248,4-25-22,4-25-22,9-20-2025,6-13-25,1-5,38-1,1244,Fall,,
38,1,15m,,,carex morpho 1,1,"41°3'13"" N","75°24'1"" W",248,4-25-22,4-25-22,9-20-2025,6-13-25,1-5,38-1,1244,Fall,,
38,1,15m,,,sassafras,1,"41°3'13"" N","75°24'1"" W",248,4-25-22,4-25-22,9-20-2025,6-13-25,1-5,38-1,1244,Fall,,
38,1,15m,,,white oak,1,"41°3'13"" N","75°24'1"" W",248,4-25-22,4-25-22,9-20-2025,6-13-25,1-5,38-1,1244,Fall,,
38,1,10m,,,black huckleberry,5,"41°3'13"" N","75°24'1"" W",248,4-25-22,4-25-22,9-20-2025,6-13-25,1-5,38-1,1244,Fall,,
38,1,10m,,,western bracken fern,2,"41°3'13"" N","75°24'1"" W",248,4-25-22,4-25-22,9-20-2025,6-13-25,1-5,38-1,1244,Fall,,
38,1,10m,,,teaberry,4,"41°3'13"" N","75°24'1"" W",248,4-25-22,4-25-22,9-20-2025,6-13-25,1-5,38-1,1244,Fall,,
38,1,10m,,,northern dewberry,1,"41°3'13"" N","75°24'1"" W",248,4-25-22,4-25-22,9-20-2025,6-13-25,1-5,38-1,1244,Fall,,
38,1,10m,,,sassafras,1,"41°3'13"" N","75°24'1"" W",248,4-25-22,4-25-22,9-20-2025,6-13-25,1-5,38-1,1244,Fall,,
38,1,5m,,,sheep laurel,3,"41°3'13"" N","75°24'1"" W",248,4-25-22,4-25-22,9-20-2025,6-13-25,1-5,38-1,1244,Fall,,
38,1,5m,,,teaberry,3,"41°3'13"" N","75°24'1"" W",248,4-25-22,4-25-22,9-20-2025,6-13-25,1-5,38-1,1244,Fall,,
38,1,5m,,,black huckleberry,4,"41°3'13"" N","75°24'1"" W",248,4-25-22,4-25-22,9-20-2025,6-13-25,1-5,38-1,1244,Fall,,
38,1,5m,,,hillside blueberry,2,"41°3'13"" N","75°24'1"" W",248,4-25-22,4-25-22,9-20-2025,6-13-25,1-5,38-1,1244,Fall,,
38,1,5m,,,carex morpho 1,1,"41°3'13"" N","75°24'1"" W",248,4-25-22,4-25-22,9-20-2025,6-13-25,1-5,38-1,1244,Fall,,"changed from lowbush bb to hillside, more likely if that is what was there in the spring"
38,1,5m,,,northern dewberry,2,"41°3'13"" N","75°24'1"" W",248,4-25-22,4-25-22,9-20-2025,6-13-25,1-5,38-1,1244,Fall,,
38,2,20m,Gaultheria,procumbens,teaberry,5,"41°3'16"" N","75°24'4"" W",,4-25-22,4-25-22,6-13-25,6-13-25,1-5,38-1,1145,Spring,,
38,2,20m,Kalmia,angustifolia,sheep laurel,2,"41°3'16"" N","75°24'4"" W",,4-25-22,4-25-22,6-13-25,6-13-25,1-5,38-1,1145,Spring,,
38,2,20m,Sassafras,albidum,sassafras,1,"41°3'16"" N","75°24'4"" W",,4-25-22,4-25-22,6-13-25,6-13-25,1-5,38-1,1145,Spring,,
38,2,20m,Acer,rubrum,red maple,1,"41°3'16"" N","75°24'4"" W",,4-25-22,4-25-22,6-13-25,6-13-25,1-5,38-1,1145,Spring,,
38,2,20m,Vaccinium,pallidum,hillside blueberry,1,"41°3'16"" N","75°24'4"" W",,4-25-22,4-25-22,6-13-25,6-13-25,1-5,38-1,1145,Spring,,
38,2,20m,Amianthium,muscitoxicum,fly poison,1,"41°3'16"" N","75°24'4"" W",,4-25-22,4-25-22,6-13-25,6-13-25,1-5,38-1,1145,Spring,,
38,2,15m,Gaultheria,procumbens,teaberry,4,"41°3'16"" N","75°24'4"" W",,4-25-22,4-25-22,6-13-25,6-13-25,1-5,38-1,1145,Spring,,
38,2,15m,Vaccinium,corymbosum,highbush blueberry,3,"41°3'16"" N","75°24'4"" W",,4-25-22,4-25-22,6-13-25,6-13-25,1-5,38-1,1145,Spring,,
38,2,15m,Kalmia,angustifolia,sheep laurel,2,"41°3'16"" N","75°24'4"" W",,4-25-22,4-25-22,6-13-25,6-13-25,1-5,38-1,1145,Spring,,
38,2,15m,Sassafras,albidum,sassafras,1,"41°3'16"" N","75°24'4"" W",,4-25-22,4-25-22,6-13-25,6-13-25,1-5,38-1,1145,Spring,,
38,2,10m,Vaccinium,pallidum,hillside blueberry,4,"41°3'16"" N","75°24'4"" W",,4-25-22,4-25-22,6-13-25,6-13-25,1-5,38-1,1145,Spring,,
38,2,10m,Pteridium,aquilinum,western bracken fern,5,"41°3'16"" N","75°24'4"" W",,4-25-22,4-25-22,6-13-25,6-13-25,1-5,38-1,1145,Spring,,
38,2,10m,Gaultheria,procumbens,teaberry,2,"41°3'16"" N","75°24'4"" W",,4-25-22,4-25-22,6-13-25,6-13-25,1-5,38-1,1145,Spring,,
38,2,10m,Kalmia,angustifolia,sheep laurel,1,"41°3'16"" N","75°24'4"" W",,4-25-22,4-25-22,6-13-25,6-13-25,1-5,38-1,1145,Spring,,
38,2,10m,Aronia,melanocarpa,black chokeberry,1,"41°3'16"" N","75°24'4"" W",,4-25-22,4-25-22,6-13-25,6-13-25,1-5,38-1,1145,Spring,,
38,2,5m,Dennstaedtia,punctilobula,hay-scented fern,2,"41°3'16"" N","75°24'4"" W",,4-25-22,4-25-22,6-13-25,6-13-25,1-5,38-1,1145,Spring,,
38,2,5m,Sassafras,albidum,sassafras,1,"41°3'16"" N","75°24'4"" W",,4-25-22,4-25-22,6-13-25,6-13-25,1-5,38-1,1145,Spring,,
38,2,5m,Kalmia,angustifolia,sheep laurel,3,"41°3'16"" N","75°24'4"" W",,4-25-22,4-25-22,6-13-25,6-13-25,1-5,38-1,1145,Spring,,
38,2,5m,Vaccinium,corymbosum,highbush blueberry,2,"41°3'16"" N","75°24'4"" W",,4-25-22,4-25-22,6-13-25,6-13-25,1-5,38-1,1145,Spring,,
38,2,5m,Rubus,flagellaris,northern dewberry,1,"41°3'16"" N","75°24'4"" W",,4-25-22,4-25-22,6-13-25,6-13-25,1-5,38-1,1145,Spring,,
38,2,5m,Gaultheria,procumbens,teaberry,3,"41°3'16"" N","75°24'4"" W",,4-25-22,4-25-22,6-13-25,6-13-25,1-5,38-1,1145,Spring,,
38,2,5m,Carex,pensylvanica,PA sedge,2,"41°3'16"" N","75°24'4"" W",,4-25-22,4-25-22,6-13-25,6-13-25,1-5,38-1,1145,Spring,,
38,2,5m,Quercus,ilicifolia,scrub oak,1,"41°3'16"" N","75°24'4"" W",,4-25-22,4-25-22,6-13-25,6-13-25,1-5,38-1,1145,Spring,,
38,2,20m,,,teaberry,5,"41°3'16"" N","75°24'4"" W",,4-25-22,4-25-22,9-20-2025,6-13-25,1-5,38-1,1244,Fall,,
38,2,20m,,,sheep laurel,2,"41°3'16"" N","75°24'4"" W",,4-25-22,4-25-22,9-20-2025,6-13-26,1-5,38-2,1244,Fall,,
38,2,20m,,,black huckleberry,2,"41°3'16"" N","75°24'4"" W",,4-25-22,4-25-22,9-20-2025,6-13-27,1-5,38-2,1244,Fall,,
38,2,15m,,,teaberry,5,"41°3'16"" N","75°24'4"" W",,4-25-22,4-25-22,9-20-2025,6-13-28,1-5,38-2,1244,Fall,,
38,2,15m,,,black huckleberry,3,"41°3'16"" N","75°24'4"" W",,4-25-22,4-25-22,9-20-2025,6-13-29,1-5,38-2,1244,Fall,,
38,4,20m,,,fly poison,1,"41°3'19"" N","75°24'6"" W",,10-7-2024,6-18-2025,6-13-2025,38-2,0-1,38-3,249,,,
38,4,20m,,,teaberry,4,"41°3'19"" N","75°24'6"" W",,10-7-2024,,6-13-2025,,0-1,38-3,249,,,
38,4,20m,,,highbush blueberry,2,"41°3'19"" N","75°24'6"" W",,10-7-2024,,6-13-2025,,0-1,38-3,249,,,
38,4,15m,,,teaberry,4,"41°3'19"" N","75°24'6"" W",,10-7-2024,,6-13-2025,,0-1,38-3,249,,,
38,4,15m,,,highbush blueberry,3,"41°3'19"" N","75°24'6"" W",,10-7-2024,,6-13-2025,,0-1,38-3,249,,,
38,4,10m,,,teaberry,4,"41°3'19"" N","75°24'6"" W",,10-7-2024,,6-13-2025,,0-1,38-3,249,,,
38,4,10m,,,wild sarsaparilla,1,"41°3'19"" N","75°24'6"" W",,10-7-2024,,6-13-2025,,0-1,38-3,249,,,
38,4,10m,,,highbush blueberry,3,"41°3'19"" N","75°24'6"" W",,10-7-2024,,6-13-2025,,0-1,38-3,249,,,
38,4,5m,,,highbush blueberry,5,"41°3'19"" N","75°24'6"" W",,10-7-2024,,6-13-2025,,0-1,38-3,249,,,
38,4,5m,,,sheep laurel,1,"41°3'19"" N","75°24'6"" W",,10-7-2024,,6-13-2025,,0-1,38-3,249,,,
38,4,5m,,,teaberry,3,"41°3'19"" N","75°24'6"" W",,10-7-2024,,6-13-2025,,0-1,38-3,249,,,
38,5,20m,,,teaberry,3,"41°3'17"" N","75°24'4""W",,10-7-2024,,6-13-2025,,0-1,38-3,249,,,
38,5,20m,,,highbush blueberry,2,"41°3'17"" N","75°24'4""W",,10-7-2024,,6-13-2025,,0-1,38-3,249,,,
38,5,20m,,,northern dewberry,1,"41°3'17"" N","75°24'4""W",,10-7-2024,,6-13-2025,,0-1,38-3,249,,,
38,5,15m,,,teaberry,4,"41°3'17"" N","75°24'4""W",,10-7-2024,,6-13-2025,,0-1,38-3,249,,,
38,5,15m,,,highbush blueberry,2,"41°3'17"" N","75°24'4""W",,10-7-2024,,6-13-2025,,0-1,38-3,249,,,
38,5,10m,,,scrub oak,1,"41°3'17"" N","75°24'4""W",,10-7-2024,,6-13-2025,,0-1,38-3,249,,,
38,5,10m,,,highbush blueberry,2,"41°3'17"" N","75°24'4""W",,10-7-2024,,6-13-2025,,0-1,38-3,249,,,
38,5,10m,,,teaberry,3,"41°3'17"" N","75°24'4""W",,10-7-2024,,6-13-2025,,0-1,38-3,249,,,
38,5,10m,,,northern dewberry,1,"41°3'17"" N","75°24'4""W",,10-7-2024,,6-13-2025,,0-1,38-3,249,,,
38,5,5m,,,western bracken fern,1,"41°3'17"" N","75°24'4""W",,10-7-2024,,6-13-2025,,0-1,38-3,249,,,
38,5,5m,,,highbush blueberry,5,"41°3'17"" N","75°24'4""W",,10-7-2024,,6-13-2025,,0-1,38-3,249,,,
38,5,5m,,,teaberry,2,"41°3'17"" N","75°24'4""W",,10-7-2024,,6-13-2025,,0-1,38-3,249,,,
38,5,5m,,,northern dewberry,1,"41°3'17"" N","75°24'4""W",,10-7-2024,,6-13-2025,,0-1,38-3,249,,,
38,5,5m,,,sheep laurel,2,"41°3'17"" N","75°24'4""W",,10-7-2024,,6-13-2025,,0-1,38-3,249,,,
38,5,5m,,,black chokeberry,1,"41°3'17"" N","75°24'4""W",,10-7-2024,,6-13-2025,,0-1,38-3,249,,,
38,6,20m,,,teaberry,3,"41°3'13"" N","75°23'60"" W",,10-7-2024,,6-13-2025,,0-1,38-3,249,,,
38,6,20m,,,northern dewberry,1,"41°3'13"" N","75°23'60"" W",,10-7-2024,,6-13-2025,,0-1,38-3,249,,,
38,6,20m,,,highbush blueberry,2,"41°3'13"" N","75°23'60"" W",,10-7-2024,,6-13-2025,,0-1,38-3,249,,,
38,6,20m,,,red maple,1,"41°3'13"" N","75°23'60"" W",,10-7-2024,,6-13-2025,,0-1,38-3,249,,,
38,6,15m,,,teaberry,4,"41°3'13"" N","75°23'60"" W",,10-7-2024,,6-13-2025,,0-1,38-3,249,,,
38,6,15m,,,highbush blueberry,3,"41°3'13"" N","75°23'60"" W",,10-7-2024,,6-13-2025,,0-1,38-3,249,,,
38,6,15m,,,scrub oak,?,"41°3'13"" N","75°23'60"" W",,10-7-2024,,6-13-2025,,0-1,38-3,249,,,
38,6,10m,,,teaberry,3,"41°3'13"" N","75°23'60"" W",,10-7-2024,,6-13-2025,,0-1,38-3,249,,,
38,6,10m,,,highbush blueberry,2,"41°3'13"" N","75°23'60"" W",,10-7-2024,,6-13-2025,,0-1,38-3,249,,,
38,6,5m,,,teaberry,3,"41°3'13"" N","75°23'60"" W",,10-7-2024,,6-13-2025,,0-1,38-3,249,,,
38,6,5m,,,highbush blueberry,3,"41°3'13"" N","75°23'60"" W",,10-7-2024,,6-13-2025,,0-1,38-3,249,,,
38,6,5m,,,western bracken fern,1,"41°3'13"" N","75°23'60"" W",,10-7-2024,,6-13-2025,,0-1,38-3,249,,,
38,6,5m,,,PA sedge,2,"41°3'13"" N","75°23'60"" W",,10-7-2024,,6-13-2025,,0-1,38-3,249,,,
38,6,5m,,,sassafras,1,"41°3'13"" N","75°23'60"" W",,10-7-2024,,6-13-2025,,0-1,38-3,249,,,
38,6,5m,,,sheep laurel,1,"41°3'13"" N","75°23'60"" W",,10-7-2024,,6-13-2025,,0-1,38-3,249,,,
38,2,15m,,,sheep laurel,3,"41°3'16"" N","75°24'4"" W",,4-25-22,4-25-22,9-20-2025,6-13-30,1-5,38-2,1244,Fall,,
183,2,20m,Vaccinium,angustifolium,lowbush blueberry,3,"41°25'38"" N","75°9'42"" W",,5-8-2018,5-8-2018,8-10-25,8-10-25,5-10,183-1,2651,,,
183,2,20m,,,pincushon moss,2,"41°25'38"" N","75°9'42"" W",,5-8-2018,5-8-2018,8-10-25,8-10-25,5-10,183-1,2651,,,
183,2,20m,Avenella,flexuosa,wavy hair grass,1,"41°25'38"" N","75°9'42"" W",,5-8-2018,5-8-2018,8-10-25,8-10-25,5-10,183-1,2651,,,
183,2,15m,Quercus,montana,chestnut oak,1,"41°25'38"" N","75°9'42"" W",,5-8-2018,5-8-2018,8-10-25,8-10-25,5-10,183-1,2651,,,
183,2,15m,Vaccinium,angustifolium,lowbush blueberry,2,"41°25'38"" N","75°9'42"" W",,5-8-2018,5-8-2018,8-10-25,8-10-25,5-10,183-1,2651,,,
183,2,15m,Gaultheria,procumbens,teaberry,1,"41°25'38"" N","75°9'42"" W",,5-8-2018,5-8-2018,8-10-25,8-10-25,5-10,183-1,2651,,,
183,2,15m,Carex,pensylvanica,PA sedge,1,"41°25'38"" N","75°9'42"" W",,5-8-2018,5-8-2018,8-10-25,8-10-25,5-10,183-1,2651,,,
183,2,15m,Pteridium,aquilinum,western bracken fern,1,"41°25'38"" N","75°9'42"" W",,5-8-2018,5-8-2018,8-10-25,8-10-25,5-10,183-1,2651,,,
183,2,10m,Gaultheria,procumbens,teaberry,2,"41°25'38"" N","75°9'42"" W",,5-8-2018,5-8-2018,8-10-25,8-10-25,5-10,183-1,2651,,,
183,2,10m,Acer,rubrum,red maple,1,"41°25'38"" N","75°9'42"" W",,5-8-2018,5-8-2018,8-10-25,8-10-25,5-10,183-1,2651,,,
183,2,10m,Vaccinium,angustifolium,lowbush blueberry,1,"41°25'38"" N","75°9'42"" W",,5-8-2018,5-8-2018,8-10-25,8-10-25,5-10,183-1,2651,,,
183,2,10m,,,pincushon moss,1,"41°25'38"" N","75°9'42"" W",,5-8-2018,5-8-2018,8-10-25,8-10-25,5-10,183-1,2651,,,
183,2,10m,Avenella,flexuosa,wavy hair grass,1,"41°25'38"" N","75°9'42"" W",,5-8-2018,5-8-2018,8-10-25,8-10-25,5-10,183-1,2651,,,
183,2,5m,Carex,pensylvanica,PA sedge,4,"41°25'38"" N","75°9'42"" W",,5-8-2018,5-8-2018,8-10-25,8-10-25,5-10,183-1,2651,,,
183,2,5m,Vaccinium,angustifolium,lowbush blueberry,2,"41°25'38"" N","75°9'42"" W",,5-8-2018,5-8-2018,8-10-25,8-10-25,5-10,183-1,2651,,,
183,2,5m,Gaultheria,procumbens,teaberry,1,"41°25'38"" N","75°9'42"" W",,5-8-2018,5-8-2018,8-10-25,8-10-25,5-10,183-1,2651,,,
183,1,20m,Vaccinium,angustifolium,lowbush blueberry,3,"41°25'39"" N","75°9'43"" W",,5-8-2018,5-8-2018,8-10-25,8-10-25,5-10,183-1,2651,,,
183,1,20m,Pteridium,aquilinum,western bracken fern,1,"41°25'39"" N","75°9'43"" W",,5-8-2018,5-8-2018,8-10-25,8-10-25,5-10,183-1,2651,,,
183,1,20m,Betula,lenta,black birch,1,"41°25'39"" N","75°9'43"" W",,5-8-2018,5-8-2018,8-10-25,8-10-25,5-10,183-1,2651,,,
183,1,20m,Gaultheria,procumbens,teaberry,3,"41°25'39"" N","75°9'43"" W",,5-8-2018,5-8-2018,8-10-25,8-10-25,5-10,183-1,2651,,,
183,1,15m,Quercus,montana,chestnut oak,2,"41°25'39"" N","75°9'43"" W",,5-8-2018,5-8-2018,8-10-25,8-10-25,5-10,183-1,2651,,,
183,1,15m,Vaccinium,angustifolium,lowbush blueberry,3,"41°25'39"" N","75°9'43"" W",,5-8-2018,5-8-2018,8-10-25,8-10-25,5-10,183-1,2651,,,
183,1,15m,Gaultheria,procumbens,teaberry,3,"41°25'39"" N","75°9'43"" W",,5-8-2018,5-8-2018,8-10-25,8-10-25,5-10,183-1,2651,,,
183,1,15m,Carex,pensylvanica,PA sedge,2,"41°25'39"" N","75°9'43"" W",,5-8-2018,5-8-2018,8-10-25,8-10-25,5-10,183-1,2651,,,
183,1,15m,Acer,rubrum,red maple,1,"41°25'39"" N","75°9'43"" W",,5-8-2018,5-8-2018,8-10-25,8-10-25,5-10,183-1,2651,,,
183,1,10m,Vaccinium,angustifolium,lowbush blueberry,3,"41°25'39"" N","75°9'43"" W",,5-8-2018,5-8-2018,8-10-25,8-10-25,5-10,183-1,2651,,,
183,1,10m,Gaultheria,procumbens,teaberry,2,"41°25'39"" N","75°9'43"" W",,5-8-2018,5-8-2018,8-10-25,8-10-25,5-10,183-1,2651,,,
183,1,5m,Quercus,montana,chestnut oak,2,"41°25'39"" N","75°9'43"" W",,5-8-2018,5-8-2018,8-10-25,8-10-25,5-10,183-1,2651,,,
183,1,5m,Carex,pensylvanica,PA sedge,2,"41°25'39"" N","75°9'43"" W",,5-8-2018,5-8-2018,8-10-25,8-10-25,5-10,183-1,2651,,,
183,1,5m,Gaultheria,procumbens,teaberry,2,"41°25'39"" N","75°9'43"" W",,5-8-2018,5-8-2018,8-10-25,8-10-25,5-10,183-1,2651,,,
183,1,5m,Vaccinium,angustifolium,lowbush blueberry,3,"41°25'39"" N","75°9'43"" W",,5-8-2018,5-8-2018,8-10-25,8-10-25,5-10,183-1,2651,,,
183,3,20m,Vaccinium,angustifolium,lowbush blueberry,4,"41°25'50"" N","75°9'53"" W",,5-8-2018,5-8-2018,8-10-25,8-10-25,5-10,183-1,2651,,,
183,3,20m,Pinus,strobus,white pine,1,"41°25'50"" N","75°9'53"" W",,5-8-2018,5-8-2018,8-10-25,8-10-25,5-10,183-1,2651,,,
183,3,20m,Carex,pensylvanica,PA sedge,3,"41°25'50"" N","75°9'53"" W",,5-8-2018,5-8-2018,8-10-25,8-10-25,5-10,183-1,2651,,,
183,3,20m,Avenella,flexuosa,wavy hair grass,2,"41°25'50"" N","75°9'53"" W",,5-8-2018,5-8-2018,8-10-25,8-10-25,5-10,183-1,2651,,,
183,3,20m,Quercus,montana,chestnut oak,2,"41°25'50"" N","75°9'53"" W",,5-8-2018,5-8-2018,8-10-25,8-10-25,5-10,183-1,2651,,,
183,3,15m,Vaccinium,angustifolium,lowbush blueberry,5,"41°25'50"" N","75°9'53"" W",,5-8-2018,5-8-2018,8-10-25,8-10-25,5-10,183-1,2651,,,
183,3,15m,Quercus,alba,white oak,2,"41°25'50"" N","75°9'53"" W",,5-8-2018,5-8-2018,8-10-25,8-10-25,5-10,183-1,2651,,,
183,3,15m,,,pincushon moss,2,"41°25'50"" N","75°9'53"" W",,5-8-2018,5-8-2018,8-10-25,8-10-25,5-10,183-1,2651,,,
183,3,15m,Avenella,flexuosa,wavy hair grass,2,"41°25'50"" N","75°9'53"" W",,5-8-2018,5-8-2018,8-10-25,8-10-25,5-10,183-1,2651,,,
183,3,10m,Vaccinium,angustifolium,lowbush blueberry,3,"41°25'50"" N","75°9'53"" W",,5-8-2018,5-8-2018,8-10-25,8-10-25,5-10,183-1,2651,,,
183,3,10m,Comptonia,peregrina,sweet fern,2,"41°25'50"" N","75°9'53"" W",,5-8-2018,5-8-2018,8-10-25,8-10-25,5-10,183-1,2651,,,
183,3,10m,Pinus,strobus,white pine,2,"41°25'50"" N","75°9'53"" W",,5-8-2018,5-8-2018,8-10-25,8-10-25,5-10,183-1,2651,,,
183,3,10m,Carex,pensylvanica,PA sedge,3,"41°25'50"" N","75°9'53"" W",,5-8-2018,5-8-2018,8-10-25,8-10-25,5-10,183-1,2651,,,
183,3,10m,Gaultheria,procumbens,teaberry,2,"41°25'50"" N","75°9'53"" W",,5-8-2018,5-8-2018,8-10-25,8-10-25,5-10,183-1,2651,,,
183,3,10m,Quercus,montana,chestnut oak,2,"41°25'50"" N","75°9'53"" W",,5-8-2018,5-8-2018,8-10-25,8-10-25,5-10,183-1,2651,,,
183,3,5m,Gaultheria,procumbens,teaberry,2,"41°25'50"" N","75°9'53"" W",,5-8-2018,5-8-2018,8-10-25,8-10-25,5-10,183-1,2651,,,
183,3,5m,Avenella,flexuosa,wavy hair grass,2,"41°25'50"" N","75°9'53"" W",,5-8-2018,5-8-2018,8-10-25,8-10-25,5-10,183-1,2651,,,
183,3,5m,Pinus,strobus,white pine,1,"41°25'50"" N","75°9'53"" W",,5-8-2018,5-8-2018,8-10-25,8-10-25,5-10,183-1,2651,,,
183,3,5m,Melampyrum,lineare,American cow-wheat,1,"41°25'50"" N","75°9'53"" W",,5-8-2018,5-8-2018,8-10-25,8-10-25,5-10,183-1,2651,,,
183,7,20m,Gaylussacia,baccata,black huckleberry,4,"41°27'8"" N","75°9'35"" W",178,4-29-2015,4-29-2015,8-16-2025,8-16-2025,10+,183-2,3762,,,
183,7,20m,Rubus,allegheniensis,Allegheny blackberry,2,"41°27'8"" N","75°9'35"" W",178,4-29-2015,4-29-2015,8-16-2025,8-16-2025,10+,183-2,3762,,,
183,7,20m,Pteridium,aquilinum,western bracken fern,2,"41°27'8"" N","75°9'35"" W",178,4-29-2015,4-29-2015,8-16-2025,8-16-2025,10+,183-2,3762,,,
183,7,20m,Dennstaedtia,punctilobula,hay-scented fern,3,"41°27'8"" N","75°9'35"" W",178,4-29-2015,4-29-2015,8-16-2025,8-16-2025,10+,183-2,3762,,,
183,7,20m,Gaultheria,procumbens,teaberry,2,"41°27'8"" N","75°9'35"" W",178,4-29-2015,4-29-2015,8-16-2025,8-16-2025,10+,183-2,3762,,,
183,7,20m,Lysimachia,quadrifolia,whorled yellow loosestrife,2,"41°27'8"" N","75°9'35"" W",178,4-29-2015,4-29-2015,8-16-2025,8-16-2025,10+,183-2,3762,,,
183,7,20m,Solidago,rugosa,wrinkleleaf goldenrod,2,"41°27'8"" N","75°9'35"" W",178,4-29-2015,4-29-2015,8-16-2025,8-16-2025,10+,183-2,3762,,,
183,7,20m,Acer,rubrum,red maple,1,"41°27'8"" N","75°9'35"" W",178,4-29-2015,4-29-2015,8-16-2025,8-16-2025,10+,183-2,3762,,,
183,7,20m,Avena fatua,,wild oats ,1,"41°27'8"" N","75°9'35"" W",178,4-29-2015,4-29-2015,8-16-2025,8-16-2025,10+,183-2,3762,,,
183,7,20m,Dichanthelium,sp.,dichanthelium morpho 1,1,"41°27'8"" N","75°9'35"" W",178,4-29-2015,4-29-2015,8-16-2025,8-16-2025,10+,183-2,3762,,,Changed from dichanthelium sp. 1 to dichanthelium  morpho 1
183,7,15m,Gaylussacia,baccata,black huckleberry,3,"41°27'8"" N","75°9'35"" W",178,4-29-2015,4-29-2015,8-16-2025,8-16-2025,10+,183-2,3762,,,
183,7,15m,Pteridium,aquilinum,western bracken fern,2,"41°27'8"" N","75°9'35"" W",178,4-29-2015,4-29-2015,8-16-2025,8-16-2025,10+,183-2,3762,,,
183,7,15m,Dennstaedtia,punctilobula,hay-scented fern,3,"41°27'8"" N","75°9'35"" W",178,4-29-2015,4-29-2015,8-16-2025,8-16-2025,10+,183-2,3762,,,
183,7,15m,Solidago,rugosa,wrinkleleaf goldenrod,2,"41°27'8"" N","75°9'35"" W",178,4-29-2015,4-29-2015,8-16-2025,8-16-2025,10+,183-2,3762,,,
183,7,15m,Avena fatua,,wild oats ,2,"41°27'8"" N","75°9'35"" W",178,4-29-2015,4-29-2015,8-16-2025,8-16-2025,10+,183-2,3762,,,
183,7,15m,Sassafras,albidum,sassafras,1,"41°27'8"" N","75°9'35"" W",178,4-29-2015,4-29-2015,8-16-2025,8-16-2025,10+,183-2,3762,,,
183,7,15m,Microstegium,vimineum,Japanese stiltgrass,1,"41°27'8"" N","75°9'35"" W",178,4-29-2015,4-29-2015,8-16-2025,8-16-2025,10+,183-2,3762,,,
183,7,10m,Pteridium,aquilinum,western bracken fern,2,"41°27'8"" N","75°9'35"" W",178,4-29-2015,4-29-2015,8-16-2025,8-16-2025,10+,183-2,3762,,,
183,7,10m,Dennstaedtia,punctilobula,hay-scented fern,3,"41°27'8"" N","75°9'35"" W",178,4-29-2015,4-29-2015,8-16-2025,8-16-2025,10+,183-2,3762,,,
183,7,10m,Carex,pensylvanica,PA sedge,3,"41°27'8"" N","75°9'35"" W",178,4-29-2015,4-29-2015,8-16-2025,8-16-2025,10+,183-2,3762,,,
183,7,10m,Lysimachia,quadrifolia,whorled yellow loosestrife,2,"41°27'8"" N","75°9'35"" W",178,4-29-2015,4-29-2015,8-16-2025,8-16-2025,10+,183-2,3762,,,
183,7,10m,Sassafras,albidum,sassafras,1,"41°27'8"" N","75°9'35"" W",178,4-29-2015,4-29-2015,8-16-2025,8-16-2025,10+,183-2,3762,,,
183,7,10m,Dichanthelium,sp.,dichanthelium morpho 1,3,"41°27'8"" N","75°9'35"" W",178,4-29-2015,4-29-2015,8-16-2025,8-16-2025,10+,183-2,3762,,,Changed from dichanthelium sp. 1 to dichanthelium  morpho 1
183,7,10m,Solidago,rugosa,wrinkleleaf goldenrod,2,"41°27'8"" N","75°9'35"" W",178,4-29-2015,4-29-2015,8-16-2025,8-16-2025,10+,183-2,3762,,,
183,7,10m,Rubus,flagellaris,northern dewberry,1,"41°27'8"" N","75°9'35"" W",178,4-29-2015,4-29-2015,8-16-2025,8-16-2025,10+,183-2,3762,,,
183,7,10m,Gaultheria,procumbens,teaberry,2,"41°27'8"" N","75°9'35"" W",178,4-29-2015,4-29-2015,8-16-2025,8-16-2025,10+,183-2,3762,,,
183,7,5m,Carex,pensylvanica,PA sedge,4,"41°27'8"" N","75°9'35"" W",178,4-29-2015,4-29-2015,8-16-2025,8-16-2025,10+,183-2,3762,,,
183,7,5m,Pteridium,aquilinum,western bracken fern,3,"41°27'8"" N","75°9'35"" W",178,4-29-2015,4-29-2015,8-16-2025,8-16-2025,10+,183-2,3762,,,
183,7,5m,Gaultheria,procumbens,teaberry,2,"41°27'8"" N","75°9'35"" W",178,4-29-2015,4-29-2015,8-16-2025,8-16-2025,10+,183-2,3762,,,
183,7,5m,Vaccinium,angustifolium,lowbush blueberry,2,"41°27'8"" N","75°9'35"" W",178,4-29-2015,4-29-2015,8-16-2025,8-16-2025,10+,183-2,3762,,,
183,7,5m,Gaylussacia,baccata,black huckleberry,3,"41°27'8"" N","75°9'35"" W",178,4-29-2015,4-29-2015,8-16-2025,8-16-2025,10+,183-2,3762,,,
183,7,5m,Dichanthelium,sp.,dichanthelium morpho 1,3,"41°27'8"" N","75°9'35"" W",178,4-29-2015,4-29-2015,8-16-2025,8-16-2025,10+,183-2,3762,,,Changed from dichanthelium sp. 1 to dichanthelium  morpho 1
183,7,5m,Solidago,rugosa,wrinkleleaf goldenrod,1,"41°27'8"" N","75°9'35"" W",178,4-29-2015,4-29-2015,8-16-2025,8-16-2025,10+,183-2,3762,,,
183,8,20m,Scirpus,cyperinus,woolgrass,3,"41°27'7"" N","75°9'58"" W",175,4-29-2015,4-29-2015,8-16-2025,8-16-2025,10+,183-2,3762,,,
183,8,20m,Solidago,rugosa,wrinkleleaf goldenrod,4,"41°27'7"" N","75°9'58"" W",175,4-29-2015,4-29-2015,8-16-2025,8-16-2025,10+,183-2,3762,,,
183,8,20m,Vaccinium,corymbosum,highbush blueberry,3,"41°27'7"" N","75°9'58"" W",175,4-29-2015,4-29-2015,8-16-2025,8-16-2025,10+,183-2,3762,,,
183,8,20m,Microstegium,vimineum,Japanese stiltgrass,2,"41°27'7"" N","75°9'58"" W",175,4-29-2015,4-29-2015,8-16-2025,8-16-2025,10+,183-2,3762,,,
183,8,20m,Rubus,hispidus,dewberry,1,"41°27'7"" N","75°9'58"" W",175,4-29-2015,4-29-2015,8-16-2025,8-16-2025,10+,183-2,3762,,,
183,8,20m,Symphyotrichum,lanceolatum,panicled aster,2,"41°27'7"" N","75°9'58"" W",175,4-29-2015,4-29-2015,8-16-2025,8-16-2025,10+,183-2,3762,,,
183,8,20m,Persicaria,sagittata,arrowleaf tearthumb,2,"41°27'7"" N","75°9'58"" W",175,4-29-2015,4-29-2015,8-16-2025,8-16-2025,10+,183-2,3762,,,
183,8,15m,Scirpus,cyperinus,woolgrass,3,"41°27'7"" N","75°9'58"" W",175,4-29-2015,4-29-2015,8-16-2025,8-16-2025,10+,183-2,3762,,,
183,8,15m,Solidago,rugosa,wrinkleleaf goldenrod,3,"41°27'7"" N","75°9'58"" W",175,4-29-2015,4-29-2015,8-16-2025,8-16-2025,10+,183-2,3762,,,
183,8,15m,Pteridium,aquilinum,western bracken fern,3,"41°27'7"" N","75°9'58"" W",175,4-29-2015,4-29-2015,8-16-2025,8-16-2025,10+,183-2,3762,,,
183,8,15m,Rubus,hispidus,dewberry,2,"41°27'7"" N","75°9'58"" W",175,4-29-2015,4-29-2015,8-16-2025,8-16-2025,10+,183-2,3762,,,
183,8,15m,Acer,rubrum,red maple,1,"41°27'7"" N","75°9'58"" W",175,4-29-2015,4-29-2015,8-16-2025,8-16-2025,10+,183-2,3762,,,
183,8,15m,Quercus,rubra,red oak,2,"41°27'7"" N","75°9'58"" W",175,4-29-2015,4-29-2015,8-16-2025,8-16-2025,10+,183-2,3762,,,
183,8,15m,Avena fatua,,wild oats ,1,"41°27'7"" N","75°9'58"" W",175,4-29-2015,4-29-2015,8-16-2025,8-16-2025,10+,183-2,3762,,,
183,8,15m,Lysimachia,quadrifolia,whorled yellow loosestrife,1,"41°27'7"" N","75°9'58"" W",175,4-29-2015,4-29-2015,8-16-2025,8-16-2025,10+,183-2,3762,,,
183,8,15m,Vaccinium,corymbosum,highbush blueberry,1,"41°27'7"" N","75°9'58"" W",175,4-29-2015,4-29-2015,8-16-2025,8-16-2025,10+,183-2,3762,,,
183,8,10m,Juncus,effusus,common rush,1,"41°27'7"" N","75°9'58"" W",175,4-29-2015,4-29-2015,8-16-2025,8-16-2025,10+,183-2,3762,,,
183,8,10m,Microstegium,vimineum,Japanese stiltgrass,3,"41°27'7"" N","75°9'58"" W",175,4-29-2015,4-29-2015,8-16-2025,8-16-2025,10+,183-2,3762,,,
183,8,10m,Solidago,rugosa,wrinkleleaf goldenrod,3,"41°27'7"" N","75°9'58"" W",175,4-29-2015,4-29-2015,8-16-2025,8-16-2025,10+,183-2,3762,,,
183,8,10m,Scirpus,cyperinus,woolgrass,2,"41°27'7"" N","75°9'58"" W",175,4-29-2015,4-29-2015,8-16-2025,8-16-2025,10+,183-2,3762,,,
183,8,10m,Rubus,hispidus,dewberry,4,"41°27'7"" N","75°9'58"" W",175,4-29-2015,4-29-2015,8-16-2025,8-16-2025,10+,183-2,3762,,,
183,8,5m,Vaccinium,stamineum,deer berry,2,"41°27'7"" N","75°9'58"" W",175,4-29-2015,4-29-2015,8-16-2025,8-16-2025,10+,183-2,3762,,,
183,8,5m,Vaccinium,angustifolium,lowbush blueberry,1,"41°27'7"" N","75°9'58"" W",175,4-29-2015,4-29-2015,8-16-2025,8-16-2025,10+,183-2,3762,,,
183,8,5m,Acer,rubrum,red maple,1,"41°27'7"" N","75°9'58"" W",175,4-29-2015,4-29-2015,8-16-2025,8-16-2025,10+,183-2,3762,,,
183,8,5m,Rubus,hispidus,dewberry,2,"41°27'7"" N","75°9'58"" W",175,4-29-2015,4-29-2015,8-16-2025,8-16-2025,10+,183-2,3762,,,
183,8,5m,Hamamelis,virginiana,witch-hazel,1,"41°27'7"" N","75°9'58"" W",175,4-29-2015,4-29-2015,8-16-2025,8-16-2025,10+,183-2,3762,,,
183,9,20m,Carex,pensylvanica,PA sedge,3,"41°27'5"" N","75°10'13"" W",180,4-29-2015,4-29-2015,8-16-2025,8-16-2025,10+,183-2,3762,,,
183,9,20m,Solidago,rugosa,wrinkleleaf goldenrod,3,"41°27'5"" N","75°10'13"" W",180,4-29-2015,4-29-2015,8-16-2025,8-16-2025,10+,183-2,3762,,,
183,9,20m,Hamamelis,virginiana,witch-hazel,3,"41°27'5"" N","75°10'13"" W",180,4-29-2015,4-29-2015,8-16-2025,8-16-2025,10+,183-2,3762,,,
183,9,20m,,,pincushon moss,1,"41°27'5"" N","75°10'13"" W",180,4-29-2015,4-29-2015,8-16-2025,8-16-2025,10+,183-2,3762,,,
183,9,20m,Scirpus,cyperinus,woolgrass,1,"41°27'5"" N","75°10'13"" W",180,4-29-2015,4-29-2015,8-16-2025,8-16-2025,10+,183-2,3762,,,
183,9,20m,Rosa,multiflora,multiflora rose,2,"41°27'5"" N","75°10'13"" W",180,4-29-2015,4-29-2015,8-16-2025,8-16-2025,10+,183-2,3762,,,
183,9,15m,Vaccinium,angustifolium,lowbush blueberry,3,"41°27'5"" N","75°10'13"" W",180,4-29-2015,4-29-2015,8-16-2025,8-16-2025,10+,183-2,3762,,,
183,9,15m,Quercus,montana,chestnut oak,2,"41°27'5"" N","75°10'13"" W",180,4-29-2015,4-29-2015,8-16-2025,8-16-2025,10+,183-2,3762,,,
183,9,15m,Quercus,rubra,red oak,2,"41°27'5"" N","75°10'13"" W",180,4-29-2015,4-29-2015,8-16-2025,8-16-2025,10+,183-2,3762,,,
183,9,15m,Quercus,alba,white oak,2,"41°27'5"" N","75°10'13"" W",180,4-29-2015,4-29-2015,8-16-2025,8-16-2025,10+,183-2,3762,,,
183,9,15m,,,pincushon moss,1,"41°27'5"" N","75°10'13"" W",180,4-29-2015,4-29-2015,8-16-2025,8-16-2025,10+,183-2,3762,,,
183,9,15m,Aralia,nudicaulis,wild sarsaparilla,2,"41°27'5"" N","75°10'13"" W",180,4-29-2015,4-29-2015,8-16-2025,8-16-2025,10+,183-2,3762,,,
183,9,10m,Aralia,nudicaulis,wild sarsaparilla,2,"41°27'5"" N","75°10'13"" W",180,4-29-2015,4-29-2015,8-16-2025,8-16-2025,10+,183-2,3762,,,
183,9,10m,Hamamelis,virginiana,witch-hazel,2,"41°27'5"" N","75°10'13"" W",180,4-29-2015,4-29-2015,8-16-2025,8-16-2025,10+,183-2,3762,,,
183,9,10m,Acer,rubrum,red maple,1,"41°27'5"" N","75°10'13"" W",180,4-29-2015,4-29-2015,8-16-2025,8-16-2025,10+,183-2,3762,,,
183,9,10m,Quercus,alba,white oak,1,"41°27'5"" N","75°10'13"" W",180,4-29-2015,4-29-2015,8-16-2025,8-16-2025,10+,183-2,3762,,,
183,9,10m,Quercus,rubra,red oak,1,"41°27'5"" N","75°10'13"" W",180,4-29-2015,4-29-2015,8-16-2025,8-16-2025,10+,183-2,3762,,,
183,9,5m,Hamamelis,virginiana,witch-hazel,2,"41°27'5"" N","75°10'13"" W",180,4-29-2015,4-29-2015,8-16-2025,8-16-2025,10+,183-2,3762,,,
183,4,20m,Betula,lenta,black birch,2,"41°25'50"" N","75°9'53"" W",271,Never,Never,8-16-2025,8-16-2025,Never,183-3,,,,
183,4,20m,Vaccinium,angustifolium,lowbush blueberry,3,"41°25'50"" N","75°9'53"" W",271,Never,Never,8-16-2025,8-16-2025,Never,183-3,,,,
183,4,20m,Gaultheria,procumbens,teaberry,2,"41°25'50"" N","75°9'53"" W",271,Never,Never,8-16-2025,8-16-2025,Never,183-3,,,,
183,4,15m,Vaccinium,angustifolium,lowbush blueberry,3,"41°25'50"" N","75°9'53"" W",271,Never,Never,8-16-2025,8-16-2025,Never,183-3,,,,
183,4,15m,Pinus ,strobus,white pine,1,"41°25'50"" N","75°9'53"" W",271,Never,Never,8-16-2025,8-16-2025,Never,183-3,,,,
183,4,15m,Betula,lenta,black birch,1,"41°25'50"" N","75°9'53"" W",271,Never,Never,8-16-2025,8-16-2025,Never,183-3,,,,
183,4,15m,Gaultheria,procumbens,teaberry,1,"41°25'50"" N","75°9'53"" W",271,Never,Never,8-16-2025,8-16-2025,Never,183-3,,,,
183,4,10m,Betula,lenta,black birch,1,"41°25'50"" N","75°9'53"" W",271,Never,Never,8-16-2025,8-16-2025,Never,183-3,,,,
183,4,10m,Vaccinium,angustifolium,lowbush blueberry,3,"41°25'50"" N","75°9'53"" W",271,Never,Never,8-16-2025,8-16-2025,Never,183-3,,,,
183,4,10m,Gaultheria,procumbens,teaberry,2,"41°25'50"" N","75°9'53"" W",271,Never,Never,8-16-2025,8-16-2025,Never,183-3,,,,
183,4,10m,Pinus ,strobus,white pine,1,"41°25'50"" N","75°9'53"" W",271,Never,Never,8-16-2025,8-16-2025,Never,183-3,,,,
183,4,10m,,,pincushon moss,2,"41°25'50"" N","75°9'53"" W",271,Never,Never,8-16-2025,8-16-2025,Never,183-3,,,,
183,4,10m,,,broom forkmoss,2,"41°25'50"" N","75°9'53"" W",271,Never,Never,8-16-2025,8-16-2025,Never,183-3,,,,
183,4,5m,Vaccinium,angustifolium,lowbush blueberry,3,"41°25'50"" N","75°9'53"" W",271,Never,Never,8-16-2025,8-16-2025,Never,183-3,,,,
183,4,5m,Pinus ,strobus,white pine,1,"41°25'50"" N","75°9'53"" W",271,Never,Never,8-16-2025,8-16-2025,Never,183-3,,,,
183,4,5m,Acer,rubrum,red maple,1,"41°25'50"" N","75°9'53"" W",271,Never,Never,8-16-2025,8-16-2025,Never,183-3,,,,
183,4,5m,,,pincushon moss,1,"41°25'50"" N","75°9'53"" W",271,Never,Never,8-16-2025,8-16-2025,Never,183-3,,,,
183,5,20m,Gaultheria,procumbens,teaberry,2,"41°26'1"" N","75°9'47"" W",134,Never,Never,8-16-2025,8-16-2025,Never,183-3,,,,
183,5,20m,,,common hairmoss,3,"41°26'1"" N","75°9'47"" W",134,Never,Never,8-16-2025,8-16-2025,Never,183-3,,,,
183,5,20m,,,pincushon moss,3,"41°26'1"" N","75°9'47"" W",134,Never,Never,8-16-2025,8-16-2025,Never,183-3,,,,
183,5,20m,Quercus ,montana,chestnut oak,2,"41°26'1"" N","75°9'47"" W",134,Never,Never,8-16-2025,8-16-2025,Never,183-3,,,,
183,5,20m,Avenella,flexuosa,wavy hair grass,3,"41°26'1"" N","75°9'47"" W",134,Never,Never,8-16-2025,8-16-2025,Never,183-3,,,,
183,5,15m,Vaccinium,angustifolium,lowbush blueberry,3,"41°26'1"" N","75°9'47"" W",134,Never,Never,8-16-2025,8-16-2025,Never,183-3,,,,
183,5,15m,Avenella,flexuosa,wavy hair grass,2,"41°26'1"" N","75°9'47"" W",134,Never,Never,8-16-2025,8-16-2025,Never,183-3,,,,
183,5,15m,Carex,pensylvanica,PA sedge,3,"41°26'1"" N","75°9'47"" W",134,Never,Never,8-16-2025,8-16-2025,Never,183-3,,,,
183,5,15m,Quercus ,montana,chestnut oak,1,"41°26'1"" N","75°9'47"" W",134,Never,Never,8-16-2025,8-16-2025,Never,183-3,,,,
183,5,15m,,,pincushon moss,2,"41°26'1"" N","75°9'47"" W",134,Never,Never,8-16-2025,8-16-2025,Never,183-3,,,,
183,5,15m,Pinus ,strobus,white pine,1,"41°26'1"" N","75°9'47"" W",134,Never,Never,8-16-2025,8-16-2025,Never,183-3,,,,
183,5,15m,,,common hairmoss,1,"41°26'1"" N","75°9'47"" W",134,Never,Never,8-16-2025,8-16-2025,Never,183-3,,,,
183,5,15m,Dichanthelium,,dichanthelium morpho 1,1,"41°26'1"" N","75°9'47"" W",134,Never,Never,8-16-2025,8-16-2025,Never,183-3,,,,Changed from dichanthelium sp. 1 to dichanthelium  morpho 1
183,5,15m,Betula,lenta,black birch,1,"41°26'1"" N","75°9'47"" W",134,Never,Never,8-16-2025,8-16-2025,Never,183-3,,,,
183,5,10m,Pinus,strobus,white pine,1,"41°26'1"" N","75°9'47"" W",134,Never,Never,8-16-2025,8-16-2025,Never,183-3,,,,
183,5,10m,Vaccinium,angustifolium,lowbush blueberry,4,"41°26'1"" N","75°9'47"" W",134,Never,Never,8-16-2025,8-16-2025,Never,183-3,,,,
183,5,10m,Gaultheria,procumbens,teaberry,2,"41°26'1"" N","75°9'47"" W",134,Never,Never,8-16-2025,8-16-2025,Never,183-3,,,,
183,5,10m,Acer ,rubrum,red maple,1,"41°26'1"" N","75°9'47"" W",134,Never,Never,8-16-2025,8-16-2025,Never,183-3,,,,
183,5,10m,Carya ,glabra,pignut hickory,1,"41°26'1"" N","75°9'47"" W",134,Never,Never,8-16-2025,8-16-2025,Never,183-3,,,,
183,5,5m,Vaccinium,angustifolium,lowbush blueberry,2,"41°26'1"" N","75°9'47"" W",134,Never,Never,8-16-2025,8-16-2025,Never,183-3,,,,
183,5,5m,Acer,rubrum,red maple,1,"41°26'1"" N","75°9'47"" W",134,Never,Never,8-16-2025,8-16-2025,Never,183-3,,,,
183,5,5m,Carex,pensylvanica,PA sedge,2,"41°26'1"" N","75°9'47"" W",134,Never,Never,8-16-2025,8-16-2025,Never,183-3,,,,
183,5,5m,Betula,lenta,black birch,1,"41°26'1"" N","75°9'47"" W",134,Never,Never,8-16-2025,8-16-2025,Never,183-3,,,,
183,6,20m,Betula,lenta,black birch,1,"41°26'1"" N","75°9'48"" W",134,Never,Never,8-16-2025,8-16-2025,Never,183-3,,,,
183,6,20m,Pinus ,strobus,white pine,1,"41°26'1"" N","75°9'48"" W",134,Never,Never,8-16-2025,8-16-2025,Never,183-3,,,,
183,6,20m,Maianthemum,racemosum,false Solomon's seal,1,"41°26'1"" N","75°9'48"" W",134,Never,Never,8-16-2025,8-16-2025,Never,183-3,,,,
183,6,20m,Acer,rubrum,red maple,1,"41°26'1"" N","75°9'48"" W",134,Never,Never,8-16-2025,8-16-2025,Never,183-3,,,,
183,6,15m,Quercus ,montana,chestnut oak,1,"41°26'1"" N","75°9'48"" W",134,Never,Never,8-16-2025,8-16-2025,Never,183-3,,,,
183,6,15m,Carya ,glabra,pignut hickory,1,"41°26'1"" N","75°9'48"" W",134,Never,Never,8-16-2025,8-16-2025,Never,183-3,,,,
183,6,15m,Acer ,rubrum,red maple,1,"41°26'1"" N","75°9'48"" W",134,Never,Never,8-16-2025,8-16-2025,Never,183-3,,,,
183,6,10m,Vaccinium,angustifolium,lowbush blueberry,4,"41°26'1"" N","75°9'48"" W",134,Never,Never,8-16-2025,8-16-2025,Never,183-3,,,,
183,6,5m,Pteridium,aquilinum,western bracken fern,1,"41°26'1"" N","75°9'48"" W",134,Never,Never,8-16-2025,8-16-2025,Never,183-3,,,,
183,6,5m,Vaccinium,angustifolium,lowbush blueberry,3,"41°26'1"" N","75°9'48"" W",134,Never,Never,8-16-2025,8-16-2025,Never,183-3,,,,
183,6,5m,Carya ,glabra,pignut hickory,1,"41°26'1"" N","75°9'48"" W",134,Never,Never,8-16-2025,8-16-2025,Never,183-3,,,,
183,6,5m,Acer,rubrum,red maple,1,"41°26'1"" N","75°9'48"" W",134,Never,Never,8-16-2025,8-16-2025,Never,183-3,,,,
183,6,5m,Avenella,flexuosa,wavy hair grass,1,"41°26'1"" N","75°9'48"" W",134,Never,Never,8-16-2025,8-16-2025,Never,183-3,,,,
211,1,20m,,,common cinquefoil,3,"40°31'32"" N","76°33'57"" W",?,4-23-25,,9-7-2025,,0-1,211-1,,Fall,,
211,1,20m,,,Japanese stiltgrass,4,"40°31'32"" N","76°33'57"" W",?,4-23-25,,9-7-2025,,0-1,211-1,,Fall,,
211,1,20m,,,Kentucky bluegrass,2,"40°31'32"" N","76°33'57"" W",?,4-23-25,,9-7-2025,,0-1,211-1,,Fall,,
211,1,20m,,,whorled yellow loosestrife,1,"40°31'32"" N","76°33'57"" W",?,4-23-25,,9-7-2025,,0-1,211-1,,Fall,,
211,1,20m,,,broom sedge,1,"40°31'32"" N","76°33'57"" W",?,4-23-25,,9-7-2025,,0-1,211-1,,Fall,,
211,1,20m,,,dichanthelium morpho 1,1,"40°31'32"" N","76°33'57"" W",?,4-23-25,,9-7-2025,,0-1,211-1,,Fall,,
211,1,20m,,,common blue violet,1,"40°31'32"" N","76°33'57"" W",?,4-23-25,,9-7-2025,,0-1,211-1,,Fall,,
211,1,15m,,,whorled yellow loosestrife,2,"40°31'32"" N","76°33'57"" W",?,4-23-25,,9-7-2025,,0-1,211-1,,Fall,,
211,1,15m,,,Japanese stiltgrass,4,"40°31'32"" N","76°33'57"" W",?,4-23-25,,9-7-2025,,0-1,211-1,,Fall,,
211,1,15m,,,Kentucky bluegrass,2,"40°31'32"" N","76°33'57"" W",?,4-23-25,,9-7-2025,,0-1,211-1,,Fall,,
211,1,15m,,,American burnweed,2,"40°31'32"" N","76°33'57"" W",?,4-23-25,,9-7-2025,,0-1,211-1,,Fall,,
211,1,15m,,,common blue violet,2,"40°31'32"" N","76°33'57"" W",?,4-23-25,,9-7-2025,,0-1,211-1,,Fall,,
211,1,15m,,,common cinquefoil,2,"40°31'32"" N","76°33'57"" W",?,4-23-25,,9-7-2025,,0-1,211-1,,Fall,,
211,1,10m,,,American burnweed,2,"40°31'32"" N","76°33'57"" W",?,4-23-25,,9-7-2025,,0-1,211-1,,Fall,,
211,1,10m,,,Kentucky bluegrass,2,"40°31'32"" N","76°33'57"" W",?,4-23-25,,9-7-2025,,0-1,211-1,,Fall,,
211,1,10m,,,lowbush blueberry,2,"40°31'32"" N","76°33'57"" W",?,4-23-25,,9-7-2025,,0-1,211-1,,Fall,,
211,1,10m,,,black birch,2,"40°31'32"" N","76°33'57"" W",?,4-23-25,,9-7-2025,,0-1,211-1,,Fall,,
211,1,10m,,,winged sumac,2,"40°31'32"" N","76°33'57"" W",?,4-23-25,,9-7-2025,,0-1,211-1,,Fall,,
211,1,10m,,,sassafras,1,"40°31'32"" N","76°33'57"" W",?,4-23-25,,9-7-2025,,0-1,211-1,,Fall,,
211,1,10m,,,whorled yellow loosestrife,1,"40°31'32"" N","76°33'57"" W",?,4-23-25,,9-7-2025,,0-1,211-1,,Fall,,
211,1,10m,,,carex morpho 3,2,"40°31'32"" N","76°33'57"" W",?,4-23-25,,9-7-2025,,0-1,211-1,,Fall,,
211,1,10m,,,carex morpho 4,2,"40°31'32"" N","76°33'57"" W",?,4-23-25,,9-7-2025,,0-1,211-1,,Fall,,
211,1,5m,,,witch-hazel,2,"40°31'32"" N","76°33'57"" W",?,4-23-25,,9-7-2025,,0-1,211-1,,Fall,,
211,1,5m,,,American burnweed,4,"40°31'32"" N","76°33'57"" W",?,4-23-25,,9-7-2025,,0-1,211-1,,Fall,,
211,1,5m,,,common blue violet,2,"40°31'32"" N","76°33'57"" W",?,4-23-25,,9-7-2025,,0-1,211-1,,Fall,,
211,1,5m,,,carex morpho 4,1,"40°31'32"" N","76°33'57"" W",?,4-23-25,,9-7-2025,,0-1,211-1,,Fall,,
211,1,5m,,,sassafras,1,"40°31'32"" N","76°33'57"" W",?,4-23-25,,9-7-2025,,0-1,211-1,,Fall,,
211,1,5m,,,slender yellow woodsorrel,1,"40°31'32"" N","76°33'57"" W",?,4-23-25,,9-7-2025,,0-1,211-1,,Fall,,
211,1,5m,,,catbriar,1,"40°31'32"" N","76°33'57"" W",?,4-23-25,,9-7-2025,,0-1,211-1,,Fall,,
211,1,5m,,,common blue violet,1,"40°31'32"" N","76°33'57"" W",?,4-23-25,,9-7-2025,,0-1,211-1,,Fall,,
211,2,20m,,,Kentucky bluegrass,2,"40°31'29"" N","76°34'0"" W",?,4-23-25,4-23-25,9-7-2025,5-18-25,0-1,211-1,137,Fall,,
211,2,20m,,,dewberry,3,"40°31'29"" N","76°34'0"" W",?,4-23-25,4-23-25,9-7-2025,5-18-25,0-1,211-1,137,Fall,,
211,2,20m,,,American burnweed,4,"40°31'29"" N","76°34'0"" W",?,4-23-25,4-23-25,9-7-2025,5-18-25,0-1,211-1,137,Fall,,
211,2,20m,,,broom sedge,3,"40°31'29"" N","76°34'0"" W",?,4-23-25,4-23-25,9-7-2025,5-18-25,0-1,211-1,137,Fall,,
211,2,20m,,,Japanese stiltgrass,2,"40°31'29"" N","76°34'0"" W",?,4-23-25,4-23-25,9-7-2025,5-18-25,0-1,211-1,137,Fall,,
211,2,20m,,,dichanthelium morpho 1,1,"40°31'29"" N","76°34'0"" W",?,4-23-25,4-23-25,9-7-2025,5-18-25,0-1,211-1,137,Fall,,
211,2,20m,,,common woodland sedge ,3,"40°31'29"" N","76°34'0"" W",?,4-23-25,4-23-25,9-7-2025,5-18-25,0-1,211-1,137,Fall,,
211,2,20m,,,hay-scented fern,1,"40°31'29"" N","76°34'0"" W",?,4-23-25,4-23-25,9-7-2025,5-18-25,0-1,211-1,137,Fall,,
211,2,15m,,,Japanese stiltgrass,4,"40°31'29"" N","76°34'0"" W",?,4-23-25,4-23-25,9-7-2025,5-18-25,0-1,211-1,137,Fall,,
211,2,15m,,,American burnweed,3,"40°31'29"" N","76°34'0"" W",?,4-23-25,4-23-25,9-7-2025,5-18-25,0-1,211-1,137,Fall,,
211,2,15m,,,hay-scented fern,1,"40°31'29"" N","76°34'0"" W",?,4-23-25,4-23-25,9-7-2025,5-18-25,0-1,211-1,137,Fall,,
211,2,15m,,,northern dewberry,4,"40°31'29"" N","76°34'0"" W",?,4-23-25,4-23-25,9-7-2025,5-18-25,0-1,211-1,137,Fall,,
211,2,15m,,,Kentucky bluegrass,2,"40°31'29"" N","76°34'0"" W",?,4-23-25,4-23-25,9-7-2025,5-18-25,0-1,211-1,137,Fall,,
211,2,15m,,,whorled yellow loosestrife,1,"40°31'29"" N","76°34'0"" W",?,4-23-25,4-23-25,9-7-2025,5-18-25,0-1,211-1,137,Fall,,
211,2,15m,,,carex morpho 4,1,"40°31'29"" N","76°34'0"" W",?,4-23-25,4-23-25,9-7-2025,5-18-25,0-1,211-1,137,Fall,,
211,2,15m,,,broom sedge,1,"40°31'29"" N","76°34'0"" W",?,4-23-25,4-23-25,9-7-2025,5-18-25,0-1,211-1,137,Fall,,
211,2,10m,,,Japanese stiltgrass,3,"40°31'29"" N","76°34'0"" W",?,4-23-25,4-23-25,9-7-2025,5-18-25,0-1,211-1,137,Fall,,
211,2,10m,,,American burnweed,3,"40°31'29"" N","76°34'0"" W",?,4-23-25,4-23-25,9-7-2025,5-18-25,0-1,211-1,137,Fall,,
211,2,10m,,,dichanthelium morpho 2,3,"40°31'29"" N","76°34'0"" W",?,4-23-25,4-23-25,9-7-2025,5-18-25,0-1,211-1,137,Fall,,
211,2,10m,,,northern dewberry,3,"40°31'29"" N","76°34'0"" W",?,4-23-25,4-23-25,9-7-2025,5-18-25,0-1,211-1,137,Fall,,
211,2,10m,,,common woodland sedge ,1,"40°31'29"" N","76°34'0"" W",?,4-23-25,4-23-25,9-7-2025,5-18-25,0-1,211-1,137,Fall,,
211,2,5m,,,northern dewberry,4,"40°31'29"" N","76°34'0"" W",?,4-23-25,4-23-25,9-7-2025,5-18-25,0-1,211-1,137,Fall,,
211,2,5m,,,American burnweed,3,"40°31'29"" N","76°34'0"" W",?,4-23-25,4-23-25,9-7-2025,5-18-25,0-1,211-1,137,Fall,,
211,2,5m,,,Japanese stiltgrass,4,"40°31'29"" N","76°34'0"" W",?,4-23-25,4-23-25,9-7-2025,5-18-25,0-1,211-1,137,Fall,,
211,2,5m,,,whorled yellow loosestrife,1,"40°31'29"" N","76°34'0"" W",?,4-23-25,4-23-25,9-7-2025,5-18-25,0-1,211-1,137,Fall,,
211,2,5m,,,redshank,1,"40°31'29"" N","76°34'0"" W",?,4-23-25,4-23-25,9-7-2025,5-18-25,0-1,211-1,137,Fall,,
211,2,5m,,,Kentucky bluegrass,3,"40°31'29"" N","76°34'0"" W",?,4-23-25,4-23-25,9-7-2025,5-18-25,0-1,211-1,137,Fall,,
211,2,5m,,,white oak,1,"40°31'29"" N","76°34'0"" W",?,4-23-25,4-23-25,9-7-2025,5-18-25,0-1,211-1,137,Fall,,
211,2,5m,,,dichanthelium morpho 2,2,"40°31'29"" N","76°34'0"" W",?,4-23-25,4-23-25,9-7-2025,5-18-25,0-1,211-1,137,Fall,,
211,4,20m,,,mountain laurel ,2,"40°31'45"" N","76°33'36"" W",,Never,Never,9-7-2025,5-18-25,Never,211-2,,Fall,,
211,4,20m,,,pincushon moss,2,"40°31'45"" N","76°33'36"" W",,Never,Never,9-7-2025,5-18-25,Never,211-2,,Fall,,
211,4,20m,,,teaberry,2,"40°31'45"" N","76°33'36"" W",,Never,Never,9-7-2025,5-18-25,Never,211-2,,Fall,,
211,4,15m,,,mountain laurel ,2,"40°31'45"" N","76°33'36"" W",,Never,Never,9-7-2025,5-18-25,Never,211-2,,Fall,,
211,4,15m,,,teaberry,3,"40°31'45"" N","76°33'36"" W",,Never,Never,9-7-2025,5-18-25,Never,211-2,,Fall,,
211,4,15m,,,pincushon moss,1,"40°31'45"" N","76°33'36"" W",,Never,Never,9-7-2025,5-18-25,Never,211-2,,Fall,,
211,4,15m,,,lowbush blueberry,3,"40°31'45"" N","76°33'36"" W",,Never,Never,9-7-2025,5-18-25,Never,211-2,,Fall,,
211,4,15m,,,indian cucumber,1,"40°31'45"" N","76°33'36"" W",,Never,Never,9-7-2025,5-18-25,Never,211-2,,Fall,,
211,4,15m,,,red maple,1,"40°31'45"" N","76°33'36"" W",,Never,Never,9-7-2025,5-18-25,Never,211-2,,Fall,,
211,4,15m,,,teaberry,3,"40°31'45"" N","76°33'36"" W",,Never,Never,9-7-2025,5-18-25,Never,211-2,,Fall,,
211,4,10m,,,lowbush blueberry,3,"40°31'45"" N","76°33'36"" W",,Never,Never,9-7-2025,5-18-25,Never,211-2,,Fall,,
211,4,10m,,,hay-scented fern,2,"40°31'45"" N","76°33'36"" W",,Never,Never,9-7-2025,5-18-25,Never,211-2,,Fall,,
211,4,10m,,,witch-hazel,1,"40°31'45"" N","76°33'36"" W",,Never,Never,9-7-2025,5-18-25,Never,211-2,,Fall,,
211,4,10m,,,red maple,1,"40°31'45"" N","76°33'36"" W",,Never,Never,9-7-2025,5-18-25,Never,211-2,,Fall,,
211,4,10m,,,catbriar,1,"40°31'45"" N","76°33'36"" W",,Never,Never,9-7-2025,5-18-25,Never,211-2,,Fall,,
211,4,10m,,,red oak,1,"40°31'45"" N","76°33'36"" W",,Never,Never,9-7-2025,5-18-25,Never,211-2,,Fall,,
211,4,5m,,,lowbush blueberry,3,"40°31'45"" N","76°33'36"" W",,Never,Never,9-7-2025,5-18-25,Never,211-2,,Fall,,
211,4,5m,,,teaberry,4,"40°31'45"" N","76°33'36"" W",,Never,Never,9-7-2025,5-18-25,Never,211-2,,Fall,,
211,4,5m,,,shining clubmoss,2,"40°31'45"" N","76°33'36"" W",,Never,Never,9-7-2025,5-18-25,Never,211-2,,Fall,,
211,5,20m,,,red oak,2,"40°31'46"" N","76°33'37"" W",,Never,Never,9-7-2025,5-18-25,Never,211-2,,Fall,,
211,5,20m,,,flat-branched tree clubmoss,4,"40°31'46"" N","76°33'37"" W",,Never,Never,9-7-2025,5-18-25,Never,211-2,,Fall,,
211,5,15m,,,flat-branched tree clubmoss,5,"40°31'46"" N","76°33'37"" W",,Never,Never,9-7-2025,5-18-25,Never,211-2,,Fall,,
211,5,15m,,,red oak ,1,"40°31'46"" N","76°33'37"" W",,Never,Never,9-7-2025,5-18-25,Never,211-2,,Fall,,
211,5,15m,,,black birch,1,"40°31'46"" N","76°33'37"" W",,Never,Never,9-7-2025,5-18-25,Never,211-2,,Fall,,
211,5,10m,,,flat-branched tree clubmoss,4,"40°31'46"" N","76°33'37"" W",,Never,Never,9-7-2025,5-18-25,Never,211-2,,Fall,,
211,5,10m,,,red oak,3,"40°31'46"" N","76°33'37"" W",,Never,Never,9-7-2025,5-18-25,Never,211-2,,Fall,,
211,5,10m,,,mountain laurel ,1,"40°31'46"" N","76°33'37"" W",,Never,Never,9-7-2025,5-18-25,Never,211-2,,Fall,,
211,5,5m,,,flat-branched tree clubmoss,3,"40°31'46"" N","76°33'37"" W",,Never,Never,9-7-2025,5-18-25,Never,211-2,,Fall,,
211,5,5m,,,teaberry,2,"40°31'46"" N","76°33'37"" W",,Never,Never,9-7-2025,5-18-25,Never,211-2,,Fall,,
211,5,5m,,,red oak,1,"40°31'46"" N","76°33'37"" W",,Never,Never,9-7-2025,5-18-25,Never,211-2,,Fall,,
211,6,20m,,,flat-branched tree clubmoss,4,"40°31'47"" N","76°33'37"" W",,Never,Never,9-7-2025,5-18-25,Never,211-2,,Fall,,
211,6,20m,,,red maple,1,"40°31'47"" N","76°33'37"" W",,Never,Never,9-7-2025,5-18-25,Never,211-2,,Fall,,
211,6,15m,,,flat-branched tree clubmoss,5,"40°31'47"" N","76°33'37"" W",,Never,Never,9-7-2025,5-18-25,Never,211-2,,Fall,,
211,6,15m,,,red maple,1,"40°31'47"" N","76°33'37"" W",,Never,Never,9-7-2025,5-18-25,Never,211-2,,Fall,,
211,6,10m,,,flat-branched tree clubmoss,2,"40°31'47"" N","76°33'37"" W",,Never,Never,9-7-2025,5-18-25,Never,211-2,,Fall,,
211,6,10m,,,stripped maple,1,"40°31'47"" N","76°33'37"" W",,Never,Never,9-7-2025,5-18-25,Never,211-2,,Fall,,
211,6,10m,,,mountain laurel ,1,"40°31'47"" N","76°33'37"" W",,Never,Never,9-7-2025,5-18-25,Never,211-2,,Fall,,
211,6,5m,,,feather moss,2,"40°31'47"" N","76°33'37"" W",,Never,Never,9-7-2025,5-18-25,Never,211-2,,Fall,,
300,10,20m,,,sassafras,1,"41°29'12"" N","75°28'47"" W",283,Never,Never,9-11-2025,6-6-25,Never,300-3,,Fall,,
300,10,20m,,,sheep laurel,1,"41°29'12"" N","75°28'47"" W",283,Never,Never,9-11-2025,6-6-25,Never,300-3,,Fall,,
300,10,20m,,,teaberry,3,"41°29'12"" N","75°28'47"" W",283,Never,Never,9-11-2025,6-6-25,Never,300-3,,Fall,,
300,10,20m,,,black birch,1,"41°29'12"" N","75°28'47"" W",283,Never,Never,9-11-2025,6-6-25,Never,300-3,,Fall,,
300,10,20m,,,indian cucumber,1,"41°29'12"" N","75°28'47"" W",283,Never,Never,9-11-2025,6-6-25,Never,300-3,,Fall,,
300,10,20m,,,pincushon moss,1,"41°29'12"" N","75°28'47"" W",283,Never,Never,9-11-2025,6-6-25,Never,300-3,,Fall,,
300,10,20m,,,Canada mayflower,1,"41°29'12"" N","75°28'47"" W",283,Never,Never,9-11-2025,6-6-25,Never,300-3,,Fall,,
300,10,20m,,,lowbush blueberry,1,"41°29'12"" N","75°28'47"" W",283,Never,Never,9-11-2025,6-6-25,Never,300-3,,Fall,,
300,10,20m,,,red maple,1,"41°29'12"" N","75°28'47"" W",283,Never,Never,9-11-2025,6-6-25,Never,300-3,,Fall,,
300,10,15m,,,teaberry,4,"41°29'12"" N","75°28'47"" W",283,Never,Never,9-11-2025,6-6-25,Never,300-3,,Fall,,
300,10,15m,,,sassafras,1,"41°29'12"" N","75°28'47"" W",283,Never,Never,9-11-2025,6-6-25,Never,300-3,,Fall,,
300,10,15m,,,sheep laurel,3,"41°29'12"" N","75°28'47"" W",283,Never,Never,9-11-2025,6-6-25,Never,300-3,,Fall,,
300,10,15m,,,western bracken fern,2,"41°29'12"" N","75°28'47"" W",283,Never,Never,9-11-2025,6-6-25,Never,300-3,,Fall,,
300,10,10m,,,western bracken fern,2,"41°29'12"" N","75°28'47"" W",283,Never,Never,9-11-2025,6-6-25,Never,300-3,,Fall,,
300,10,10m,,,teaberry,4,"41°29'12"" N","75°28'47"" W",283,Never,Never,9-11-2025,6-6-25,Never,300-3,,Fall,,
300,10,10m,,,lowbush blueberry,2,"41°29'12"" N","75°28'47"" W",283,Never,Never,9-11-2025,6-6-25,Never,300-3,,Fall,,
300,10,10m,,,white oak,2,"41°29'12"" N","75°28'47"" W",283,Never,Never,9-11-2025,6-6-25,Never,300-3,,Fall,,
300,10,10m,,,red oak,1,"41°29'12"" N","75°28'47"" W",283,Never,Never,9-11-2025,6-6-25,Never,300-3,,Fall,,
300,10,10m,,,Canada mayflower,1,"41°29'12"" N","75°28'47"" W",283,Never,Never,9-11-2025,6-6-25,Never,300-3,,Fall,,
300,10,10m,,,red maple,1,"41°29'12"" N","75°28'47"" W",283,Never,Never,9-11-2025,6-6-25,Never,300-3,,Fall,,
300,10,5m,,,hay-scented fern,4,"41°29'12"" N","75°28'47"" W",283,Never,Never,9-11-2025,6-6-25,Never,300-3,,Fall,,
300,10,5m,,,teaberry,2,"41°29'12"" N","75°28'47"" W",283,Never,Never,9-11-2025,6-6-25,Never,300-3,,Fall,,
300,10,5m,,,lowbush blueberry,2,"41°29'12"" N","75°28'47"" W",283,Never,Never,9-11-2025,6-6-25,Never,300-3,,Fall,,
300,10,5m,,,northern dewberry,2,"41°29'12"" N","75°28'47"" W",283,Never,Never,9-11-2025,6-6-25,Never,300-3,,Fall,,
300,10,5m,,,shining clubmoss,1,"41°29'12"" N","75°28'47"" W",283,Never,Never,9-11-2025,6-6-25,Never,300-3,,Fall,,
300,10,5m,,,Canada mayflower,1,"41°29'12"" N","75°28'47"" W",283,Never,Never,9-11-2025,6-6-25,Never,300-3,,Fall,,
300,10,5m,,,sheep laurel,1,"41°29'12"" N","75°28'47"" W",283,Never,Never,9-11-2025,6-6-25,Never,300-3,,Fall,,
300,10,5m,,,western bracken fern,1,"41°29'12"" N","75°28'47"" W",283,Never,Never,9-11-2025,6-6-25,Never,300-3,,Fall,,
300,8,20m,,,black huckleberry,5,"41°29'23"" N","75°28'58"" W",202SW,4-25-25,4-25-25,9-11-2025,5-11-25,0-1,300-2,139,Fall,,
300,8,20m,,,western bracken fern,2,"41°29'23"" N","75°28'58"" W",202SW,4-25-25,4-25-25,9-11-2025,5-11-25,0-1,300-2,139,Fall,,
300,8,20m,,,black chokeberry,2,"41°29'23"" N","75°28'58"" W",202SW,4-25-25,4-25-25,9-11-2025,5-11-25,0-1,300-2,139,Fall,,
300,8,20m,,,sheep laurel,1,"41°29'23"" N","75°28'58"" W",202SW,4-25-25,4-25-25,9-11-2025,5-11-25,0-1,300-2,139,Fall,,
300,8,15m,,,black huckleberry,5,"41°29'23"" N","75°28'58"" W",202SW,4-25-25,4-25-25,9-11-2025,5-11-25,0-1,300-2,139,Fall,,
300,8,15m,,,black chokeberry,2,"41°29'23"" N","75°28'58"" W",202SW,4-25-25,4-25-25,9-11-2025,5-11-25,0-1,300-2,139,Fall,,
300,8,15m,,,western bracken fern,2,"41°29'23"" N","75°28'58"" W",202SW,4-25-25,4-25-25,9-11-2025,5-11-25,0-1,300-2,139,Fall,,
300,8,15m,,,teaberry,3,"41°29'23"" N","75°28'58"" W",202SW,4-25-25,4-25-25,9-11-2025,5-11-25,0-1,300-2,139,Fall,,
300,8,15m,,,sheep laurel,1,"41°29'23"" N","75°28'58"" W",202SW,4-25-25,4-25-25,9-11-2025,5-11-25,0-1,300-2,139,Fall,,
300,8,10m,,,scrub oak,1,"41°29'23"" N","75°28'58"" W",202SW,4-25-25,4-25-25,9-11-2025,5-11-25,0-1,300-2,139,Fall,,
300,8,10m,,,black huckleberry,5,"41°29'23"" N","75°28'58"" W",202SW,4-25-25,4-25-25,9-11-2025,5-11-25,0-1,300-2,139,Fall,,
300,8,10m,,,western bracken fern,2,"41°29'23"" N","75°28'58"" W",202SW,4-25-25,4-25-25,9-11-2025,5-11-25,0-1,300-2,139,Fall,,
300,8,10m,,,teaberry,3,"41°29'23"" N","75°28'58"" W",202SW,4-25-25,4-25-25,9-11-2025,5-11-25,0-1,300-2,139,Fall,,
300,8,10m,,,black chokeberry ,2,"41°29'23"" N","75°28'58"" W",202SW,4-25-25,4-25-25,9-11-2025,5-11-25,0-1,300-2,139,Fall,,
300,8,10m,,,sheep laurel,2,"41°29'23"" N","75°28'58"" W",202SW,4-25-25,4-25-25,9-11-2025,5-11-25,0-1,300-2,139,Fall,,
300,8,5m,,,black huckleberry,5,"41°29'23"" N","75°28'58"" W",202SW,4-25-25,4-25-25,9-11-2025,5-11-25,0-1,300-2,139,Fall,,
300,8,5m,,,black chokeberry,2,"41°29'23"" N","75°28'58"" W",202SW,4-25-25,4-25-25,9-11-2025,5-11-25,0-1,300-2,139,Fall,,
300,8,5m,,,teaberry,2,"41°29'23"" N","75°28'58"" W",202SW,4-25-25,4-25-25,9-11-2025,5-11-25,0-1,300-2,139,Fall,,
300,8,5m,,,western bracken fern,3,"41°29'23"" N","75°28'58"" W",202SW,4-25-25,4-25-25,9-11-2025,5-11-25,0-1,300-2,139,Fall,,
300,7,20m,,,scrub oak,3,"41°29'23""N","75°28'58""W",199S,4-25-25,4-25-25,9-11-2025,5-11-25,0-1,300-2,139,Fall,,
300,7,20m,,,black huckleberry,3,"41°29'23""N","75°28'58""W",199S,4-25-25,4-25-25,9-11-2025,5-11-25,0-1,300-2,139,Fall,,
300,7,20m,,,black chokeberry,2,"41°29'23""N","75°28'58""W",199S,4-25-25,4-25-25,9-11-2025,5-11-25,0-1,300-2,139,Fall,,
300,7,20m,,,teaberry,2,"41°29'23""N","75°28'58""W",199S,4-25-25,4-25-25,9-11-2025,5-11-25,0-1,300-2,139,Fall,,
300,7,20m,,,lowbush blueberry,1,"41°29'23""N","75°28'58""W",199S,4-25-25,4-25-25,9-11-2025,5-11-25,0-1,300-2,139,Fall,,
300,7,20m,,,PA sedge,2,"41°29'23""N","75°28'58""W",199S,4-25-25,4-25-25,9-11-2025,5-11-25,0-1,300-2,139,Fall,,
300,7,15m,,,sheep laurel,4,"41°29'23""N","75°28'58""W",199S,4-25-25,4-25-25,9-11-2025,5-11-25,0-1,300-2,139,Fall,,
300,7,15m,,,black huckleberry,3,"41°29'23""N","75°28'58""W",199S,4-25-25,4-25-25,9-11-2025,5-11-25,0-1,300-2,139,Fall,,
300,7,15m,,,PA sedge,2,"41°29'23""N","75°28'58""W",199S,4-25-25,4-25-25,9-11-2025,5-11-25,0-1,300-2,139,Fall,,
300,7,15m,,,western bracken fern,1,"41°29'23""N","75°28'58""W",199S,4-25-25,4-25-25,9-11-2025,5-11-25,0-1,300-2,139,Fall,,
300,7,15m,,,scrub oak,1,"41°29'23""N","75°28'58""W",199S,4-25-25,4-25-25,9-11-2025,5-11-25,0-1,300-2,139,Fall,,
300,7,10m,,,black huckleberry,5,"41°29'23""N","75°28'58""W",199S,4-25-25,4-25-25,9-11-2025,5-11-25,0-1,300-2,139,Fall,,
300,7,10m,,,western bracken fern,2,"41°29'23""N","75°28'58""W",199S,4-25-25,4-25-25,9-11-2025,5-11-25,0-1,300-2,139,Fall,,
300,7,10m,,,black chokeberry,2,"41°29'23""N","75°28'58""W",199S,4-25-25,4-25-25,9-11-2025,5-11-25,0-1,300-2,139,Fall,,
300,7,10m,,,lowbush blueberry,2,"41°29'23""N","75°28'58""W",199S,4-25-25,4-25-25,9-11-2025,5-11-25,0-1,300-2,139,Fall,,
300,7,10m,,,northern dewberry,1,"41°29'23""N","75°28'58""W",199S,4-25-25,4-25-25,9-11-2025,5-11-25,0-1,300-2,139,Fall,,
300,7,10m,,,teaberry,2,"41°29'23""N","75°28'58""W",199S,4-25-25,4-25-25,9-11-2025,5-11-25,0-1,300-2,139,Fall,,
300,7,5m,,,black huckleberry,5,"41°29'23""N","75°28'58""W",199S,4-25-25,4-25-25,9-11-2025,5-11-25,0-1,300-2,139,Fall,,
300,7,5m,,,northern dewberry,1,"41°29'23""N","75°28'58""W",199S,4-25-25,4-25-25,9-11-2025,5-11-25,0-1,300-2,139,Fall,,
300,7,5m,,,PA sedge,2,"41°29'23""N","75°28'58""W",199S,4-25-25,4-25-25,9-11-2025,5-11-25,0-1,300-2,139,Fall,,
300,7,5m,,,lowbush blueberry,2,"41°29'23""N","75°28'58""W",199S,4-25-25,4-25-25,9-11-2025,5-11-25,0-1,300-2,139,Fall,,
300,7,5m,,,western bracken fern,2,"41°29'23""N","75°28'58""W",199S,4-25-25,4-25-25,9-11-2025,5-11-25,0-1,300-2,139,Fall,,
300,7,5m,,,black chokeberry,2,"41°29'23""N","75°28'58""W",199S,4-25-25,4-25-25,9-11-2025,5-11-25,0-1,300-2,139,Fall,,
300,11,20m,,,black huckleberry,3,"41°29'5"" N","75°28'36"" W",236,Never,Never,9-11-2025,6-6-25,Never,300-3,,Fall,,
300,11,20m,,,lowbush blueberry,2,"41°29'5"" N","75°28'36"" W",236,Never,Never,9-11-2025,6-6-25,Never,300-3,,Fall,,
300,11,20m,,,teaberry,3,"41°29'5"" N","75°28'36"" W",236,Never,Never,9-11-2025,6-6-25,Never,300-3,,Fall,,
300,11,20m,,,shining clubmoss,2,"41°29'5"" N","75°28'36"" W",236,Never,Never,9-11-2025,6-6-25,Never,300-3,,Fall,,
300,11,20m,,,western bracken fern,1,"41°29'5"" N","75°28'36"" W",236,Never,Never,9-11-2025,6-6-25,Never,300-3,,Fall,,
300,11,15m,,,teaberry,3,"41°29'5"" N","75°28'36"" W",236,Never,Never,9-11-2025,6-6-25,Never,300-3,,Fall,,
300,11,15m,,,black huckleberry,3,"41°29'5"" N","75°28'36"" W",236,Never,Never,9-11-2025,6-6-25,Never,300-3,,Fall,,
300,11,15m,,,sheep laurel,2,"41°29'5"" N","75°28'36"" W",236,Never,Never,9-11-2025,6-6-25,Never,300-3,,Fall,,
300,11,15m,,,western bracken fern,2,"41°29'5"" N","75°28'36"" W",236,Never,Never,9-11-2025,6-6-25,Never,300-3,,Fall,,
300,11,15m,,,lowbush blueberry,2,"41°29'5"" N","75°28'36"" W",236,Never,Never,9-11-2025,6-6-25,Never,300-3,,Fall,,
300,11,15m,,,black chokeberry,1,"41°29'5"" N","75°28'36"" W",236,Never,Never,9-11-2025,6-6-25,Never,300-3,,Fall,,
300,11,10m,,,sheep laurel,2,"41°29'5"" N","75°28'36"" W",236,Never,Never,9-11-2025,6-6-25,Never,300-3,,Fall,,
300,11,10m,,,teaberry,3,"41°29'5"" N","75°28'36"" W",236,Never,Never,9-11-2025,6-6-25,Never,300-3,,Fall,,
300,11,10m,,,black huckleberry,4,"41°29'5"" N","75°28'36"" W",236,Never,Never,9-11-2025,6-6-25,Never,300-3,,Fall,,
300,11,10m,,,shining clubmoss,1,"41°29'5"" N","75°28'36"" W",236,Never,Never,9-11-2025,6-6-25,Never,300-3,,Fall,,
300,11,10m,,,black birch,1,"41°29'5"" N","75°28'36"" W",236,Never,Never,9-11-2025,6-6-25,Never,300-3,,Fall,,
300,11,10m,,,indian cucumber,2,"41°29'5"" N","75°28'36"" W",236,Never,Never,9-11-2025,6-6-25,Never,300-3,,Fall,,
300,11,10m,,,lowbush blueberry,2,"41°29'5"" N","75°28'36"" W",236,Never,Never,9-11-2025,6-6-25,Never,300-3,,Fall,,
300,11,10m,,,sassafras,1,"41°29'5"" N","75°28'36"" W",236,Never,Never,9-11-2025,6-6-25,Never,300-3,,Fall,,
300,11,5m,,,witherod,1,"41°29'5"" N","75°28'36"" W",236,Never,Never,9-11-2025,6-6-25,Never,300-3,,Fall,,
300,11,5m,,,western bracken fern,2,"41°29'5"" N","75°28'36"" W",236,Never,Never,9-11-2025,6-6-25,Never,300-3,,Fall,,
300,11,5m,,,teaberry,4,"41°29'5"" N","75°28'36"" W",236,Never,Never,9-11-2025,6-6-25,Never,300-3,,Fall,,
300,11,5m,,,black huckleberry,4,"41°29'5"" N","75°28'36"" W",236,Never,Never,9-11-2025,6-6-25,Never,300-3,,Fall,,
300,11,5m,,,indian cucumber,1,"41°29'5"" N","75°28'36"" W",236,Never,Never,9-11-2025,6-6-25,Never,300-3,,Fall,,
300,11,5m,,,sheep laurel,2,"41°29'5"" N","75°28'36"" W",236,Never,Never,9-11-2025,6-6-25,Never,300-3,,Fall,,
300,11,5m,,,flat-branched tree clubmoss,1,"41°29'5"" N","75°28'36"" W",236,Never,Never,9-11-2025,6-6-25,Never,300-3,,Fall,,
300,11,5m,,,lowbush blueberry,2,"41°29'5"" N","75°28'36"" W",236,Never,Never,9-11-2025,6-6-25,Never,300-3,,Fall,,
300,11,5m,,,pincushon moss,1,"41°29'5"" N","75°28'36"" W",236,Never,Never,9-11-2025,6-6-25,Never,300-3,,Fall,,
300,12,20m,,,lowbush blueberry,3,"41°29'2"" N","75°28'36"" W",296,Never,Never,9-11-2025,6-6-25,Never,300-3,,Fall,,
300,12,20m,,,black huckleberry,2,"41°29'2"" N","75°28'36"" W",296,Never,Never,9-11-2025,6-6-25,Never,300-3,,Fall,,
300,12,20m,,,sheep laurel,3,"41°29'2"" N","75°28'36"" W",296,Never,Never,9-11-2025,6-6-25,Never,300-3,,Fall,,
300,12,20m,,,teaberry,3,"41°29'2"" N","75°28'36"" W",296,Never,Never,9-11-2025,6-6-25,Never,300-3,,Fall,,
300,12,20m,,,chestnut oak,1,"41°29'2"" N","75°28'36"" W",296,Never,Never,9-11-2025,6-6-25,Never,300-3,,Fall,,
300,12,20m,,,pincushon moss,1,"41°29'2"" N","75°28'36"" W",296,Never,Never,9-11-2025,6-6-25,Never,300-3,,Fall,,
300,12,20m,,,red maple,1,"41°29'2"" N","75°28'36"" W",296,Never,Never,9-11-2025,6-6-25,Never,300-3,,Fall,,
300,12,20m,,,black birch,1,"41°29'2"" N","75°28'36"" W",296,Never,Never,9-11-2025,6-6-25,Never,300-3,,Fall,,
300,12,20m,,,wavy hair grass,1,"41°29'2"" N","75°28'36"" W",296,Never,Never,9-11-2025,6-6-25,Never,300-3,,Fall,,
300,12,20m,,,red oak,1,"41°29'2"" N","75°28'36"" W",296,Never,Never,9-11-2025,6-6-25,Never,300-3,,Fall,,
300,12,15m,,,lowbush blueberry,3,"41°29'2"" N","75°28'36"" W",296,Never,Never,9-11-2025,6-6-25,Never,300-3,,Fall,,
300,12,15m,,,teaberry,3,"41°29'2"" N","75°28'36"" W",296,Never,Never,9-11-2025,6-6-25,Never,300-3,,Fall,,
300,12,15m,,,red oak,2,"41°29'2"" N","75°28'36"" W",296,Never,Never,9-11-2025,6-6-25,Never,300-3,,Fall,,
300,12,15m,,,sheep laurel,2,"41°29'2"" N","75°28'36"" W",296,Never,Never,9-11-2025,6-6-25,Never,300-3,,Fall,,
300,12,15m,,,carex morpho 1,2,"41°29'2"" N","75°28'36"" W",296,Never,Never,9-11-2025,6-6-25,Never,300-3,,Fall,,
300,12,10m,,,lowbush blueberry,2,"41°29'2"" N","75°28'36"" W",296,Never,Never,9-11-2025,6-6-25,Never,300-3,,Fall,,
300,12,10m,,,mountain laurel ,2,"41°29'2"" N","75°28'36"" W",296,Never,Never,9-11-2025,6-6-25,Never,300-3,,Fall,,
300,12,10m,,,teaberry,2,"41°29'2"" N","75°28'36"" W",296,Never,Never,9-11-2025,6-6-25,Never,300-3,,Fall,,
300,12,10m,,,red oak,1,"41°29'2"" N","75°28'36"" W",296,Never,Never,9-11-2025,6-6-25,Never,300-3,,Fall,,
300,12,10m,,,red maple,1,"41°29'2"" N","75°28'36"" W",296,Never,Never,9-11-2025,6-6-25,Never,300-3,,Fall,,
300,12,10m,,,carex morpho 1,1,"41°29'2"" N","75°28'36"" W",296,Never,Never,9-11-2025,6-6-25,Never,300-3,,Fall,,
300,12,10m,,,Canada goldenrod,1,"41°29'2"" N","75°28'36"" W",296,Never,Never,9-11-2025,6-6-25,Never,300-3,,Fall,,
300,12,5m,,,black huckleberry,3,"41°29'2"" N","75°28'36"" W",296,Never,Never,9-11-2025,6-6-25,Never,300-3,,Fall,,
300,12,5m,,,lowbush blueberry,2,"41°29'2"" N","75°28'36"" W",296,Never,Never,9-11-2025,6-6-25,Never,300-3,,Fall,,
300,12,5m,,,sheep laurel,2,"41°29'2"" N","75°28'36"" W",296,Never,Never,9-11-2025,6-6-25,Never,300-3,,Fall,,
300,12,5m,,,teaberry,2,"41°29'2"" N","75°28'36"" W",296,Never,Never,9-11-2025,6-6-25,Never,300-3,,Fall,,
300,12,5m,,,wrinkleleaf goldenrod,1,"41°29'2"" N","75°28'36"" W",296,Never,Never,9-11-2025,6-6-25,Never,300-3,,Fall,,
300,12,5m,,,wavy hair grass,1,"41°29'2"" N","75°28'36"" W",296,Never,Never,9-11-2025,6-6-25,Never,300-3,,Fall,,
300,12,5m,,,whorled yellow loosestrife,1,"41°29'2"" N","75°28'36"" W",296,Never,Never,9-11-2025,6-6-25,Never,300-3,,Fall,,
38,2,15m,,,sassafras,1,"41°3'16"" N","75°24'4"" W",,4-25-22,4-25-22,9-20-2025,6-13-31,1-5,38-2,1244,Fall,,
38,2,10m,,,teaberry,4,"41°3'16"" N","75°24'4"" W",,4-25-22,4-25-22,9-20-2025,6-13-32,1-5,38-2,1244,Fall,,
38,2,10m,,,black huckleberry,4,"41°3'16"" N","75°24'4"" W",,4-25-22,4-25-22,9-20-2025,6-13-33,1-5,38-2,1244,Fall,,
38,2,10m,,,sassafras,1,"41°3'16"" N","75°24'4"" W",,4-25-22,4-25-22,9-20-2025,6-13-34,1-5,38-2,1244,Fall,,
38,2,10m,,,sheep laurel,3,"41°3'16"" N","75°24'4"" W",,4-25-22,4-25-22,9-20-2025,6-13-35,1-5,38-2,1244,Fall,,
38,2,10m,,,western bracken fern,1,"41°3'16"" N","75°24'4"" W",,4-25-22,4-25-22,9-20-2025,6-13-36,1-5,38-2,1244,Fall,,
38,2,5m,,,sheep laurel,4,"41°3'16"" N","75°24'4"" W",,4-25-22,4-25-22,9-20-2025,6-13-37,1-5,38-2,1244,Fall,,
38,2,5m,,,black huckleberry,3,"41°3'16"" N","75°24'4"" W",,4-25-22,4-25-22,9-20-2025,6-13-38,1-5,38-2,1244,Fall,,
38,2,5m,,,teaberry,4,"41°3'16"" N","75°24'4"" W",,4-25-22,4-25-22,9-20-2025,6-13-39,1-5,38-2,1244,Fall,,
38,2,5m,,,lowbush blueberry,2,"41°3'16"" N","75°24'4"" W",,4-25-22,4-25-22,9-20-2025,6-13-40,1-5,38-2,1244,Fall,,
38,2,5m,,,carex morpho 1,1,"41°3'16"" N","75°24'4"" W",,4-25-22,4-25-22,9-20-2025,6-13-41,1-5,38-2,1244,Fall,,
38,2,5m,,,northern dewberry,1,"41°3'16"" N","75°24'4"" W",,4-25-22,4-25-22,9-20-2025,6-13-42,1-5,38-2,1244,Fall,,
38,3,20m,Amianthium,muscitoxicum,fly poison,1,"41°3'19"" N","75°24'7"" W",,4-25-22,4-25-22,6-13-25,6-13-25,1-5,38-1,1145,Spring,,
38,3,20m,Kalmia,angustifolia,sheep laurel,2,"41°3'19"" N","75°24'7"" W",,4-25-22,4-25-22,6-13-25,6-13-25,1-5,38-1,1145,Spring,,
38,3,20m,Quercus,ilicifolia,scrub oak,1,"41°3'19"" N","75°24'7"" W",,4-25-22,4-25-22,6-13-25,6-13-25,1-5,38-1,1145,Spring,,
38,3,20m,Vaccinium,pallidum,hillside blueberry,3,"41°3'19"" N","75°24'7"" W",,4-25-22,4-25-22,6-13-25,6-13-25,1-5,38-1,1145,Spring,,
38,3,20m,Gaultheria,procumbens,teaberry,3,"41°3'19"" N","75°24'7"" W",,4-25-22,4-25-22,6-13-25,6-13-25,1-5,38-1,1145,Spring,,
38,3,20m,Rubus,flagellaris,northern dewberry,2,"41°3'19"" N","75°24'7"" W",,4-25-22,4-25-22,6-13-25,6-13-25,1-5,38-1,1145,Spring,,
38,3,20m,Lysimachia,borealis,northern starflower,1,"41°3'19"" N","75°24'7"" W",,4-25-22,4-25-22,6-13-25,6-13-25,1-5,38-1,1145,Spring,,
38,3,20m,Pteridium,aquilinum,western bracken fern,2,"41°3'19"" N","75°24'7"" W",,4-25-22,4-25-22,6-13-25,6-13-25,1-5,38-1,1145,Spring,,
38,3,20m,Medeola,virginiana,Indian cucumber ,2,"41°3'19"" N","75°24'7"" W",,4-25-22,4-25-22,6-13-25,6-13-25,1-5,38-1,1145,Spring,,
38,3,15m,Vaccinium,pallidum,hillside blueberry,3,"41°3'19"" N","75°24'7"" W",,4-25-22,4-25-22,6-13-25,6-13-25,1-5,38-1,1145,Spring,,
38,3,15m,Kalmia,angustifolia,sheep laurel,3,"41°3'19"" N","75°24'7"" W",,4-25-22,4-25-22,6-13-25,6-13-25,1-5,38-1,1145,Spring,,
38,3,15m,Pteridium,aquilinum,western bracken fern,1,"41°3'19"" N","75°24'7"" W",,4-25-22,4-25-22,6-13-25,6-13-25,1-5,38-1,1145,Spring,,
38,3,15m,Gaultheria,procumbens,teaberry,3,"41°3'19"" N","75°24'7"" W",,4-25-22,4-25-22,6-13-25,6-13-25,1-5,38-1,1145,Spring,,
38,3,15m,Sassafras,albidum,sassafras,1,"41°3'19"" N","75°24'7"" W",,4-25-22,4-25-22,6-13-25,6-13-25,1-5,38-1,1145,Spring,,
38,3,10m,Vaccinium,corymbosum,highbush blueberry,3,"41°3'19"" N","75°24'7"" W",,4-25-22,4-25-22,6-13-25,6-13-25,1-5,38-1,1145,Spring,,
38,3,10m,Kalmia,angustifolia,sheep laurel,3,"41°3'19"" N","75°24'7"" W",,4-25-22,4-25-22,6-13-25,6-13-25,1-5,38-1,1145,Spring,,
38,3,10m,Rubus,flagellaris,northern dewberry,1,"41°3'19"" N","75°24'7"" W",,4-25-22,4-25-22,6-13-25,6-13-25,1-5,38-1,1145,Spring,,
38,3,10m,Gaultheria,procumbens,teaberry,1,"41°3'19"" N","75°24'7"" W",,4-25-22,4-25-22,6-13-25,6-13-25,1-5,38-1,1145,Spring,,
38,3,10m,Hamamelis,virginiana,witch-hazel,1,"41°3'19"" N","75°24'7"" W",,4-25-22,4-25-22,6-13-25,6-13-25,1-5,38-1,1145,Spring,,
38,3,10m,Isotria,verticillata,large whorled pogonia,2,"41°3'19"" N","75°24'7"" W",,4-25-22,4-25-22,6-13-25,6-13-25,1-5,38-1,1145,Spring,,
38,3,10m,Carex,pensylvanica,PA sedge,1,"41°3'19"" N","75°24'7"" W",,4-25-22,4-25-22,6-13-25,6-13-25,1-5,38-1,1145,Spring,,
38,3,5m,Vaccinium,corymbosum,highbush blueberry,5,"41°3'19"" N","75°24'7"" W",,4-25-22,4-25-22,6-13-25,6-13-25,1-5,38-1,1145,Spring,,
38,3,5m,Kalmia,angustifolia,sheep laurel,2,"41°3'19"" N","75°24'7"" W",,4-25-22,4-25-22,6-13-25,6-13-25,1-5,38-1,1145,Spring,,
38,3,5m,,,nothern dewberry,2,"41°3'19"" N","75°24'7"" W",,4-25-22,4-25-22,6-13-25,6-13-25,1-5,38-1,1145,Spring,,
38,3,5m,Dennstaedtia,punctilobula,hay-scented fern,1,"41°3'19"" N","75°24'7"" W",,4-25-22,4-25-22,6-13-25,6-13-25,1-5,38-1,1145,Spring,,
38,3,20m,,,black huckleberry,4,"41°3'19"" N","75°24'7"" W",,4-25-22,4-25-22,9-20-2025,6-13-25,1-5,38-1,1244,Fall,,
38,3,20m,,,sheep laurel,3,"41°3'19"" N","75°24'7"" W",,4-25-22,4-25-22,9-20-2025,6-13-25,1-5,38-1,1244,Fall,,
38,3,20m,,,carex morpho 1,1,"41°3'19"" N","75°24'7"" W",,4-25-22,4-25-22,9-20-2025,6-13-25,1-5,38-1,1244,Fall,,
38,3,20m,,,hillside blueberry,2,"41°3'19"" N","75°24'7"" W",,4-25-22,4-25-22,9-20-2025,6-13-25,1-5,38-1,1244,Fall,,
38,3,20m,,,red maple,1,"41°3'19"" N","75°24'7"" W",,4-25-22,4-25-22,9-20-2025,6-13-25,1-5,38-1,1244,Fall,,
38,3,20m,,,teaberry,3,"41°3'19"" N","75°24'7"" W",,4-25-22,4-25-22,9-20-2025,6-13-25,1-5,38-1,1244,Fall,,
38,3,15m,,,teaberry,4,"41°3'19"" N","75°24'7"" W",,4-25-22,4-25-22,9-20-2025,6-13-25,1-5,38-1,1244,Fall,,
38,3,15m,,,black huckleberry,4,"41°3'19"" N","75°24'7"" W",,4-25-22,4-25-22,9-20-2025,6-13-25,1-5,38-1,1244,Fall,,
38,3,15m,,,sheep laurel,2,"41°3'19"" N","75°24'7"" W",,4-25-22,4-25-22,9-20-2025,6-13-25,1-5,38-1,1244,Fall,,
38,3,15m,,,northern dewberry,1,"41°3'19"" N","75°24'7"" W",,4-25-22,4-25-22,9-20-2025,6-13-25,1-5,38-1,1244,Fall,,
38,3,10m,,,sheep laurel,3,"41°3'19"" N","75°24'7"" W",,4-25-22,4-25-22,9-20-2025,6-13-25,1-5,38-1,1244,Fall,,
38,3,10m,,,teaberry,3,"41°3'19"" N","75°24'7"" W",,4-25-22,4-25-22,9-20-2025,6-13-25,1-5,38-1,1244,Fall,,
38,3,10m,,,black huckleberry,4,"41°3'19"" N","75°24'7"" W",,4-25-22,4-25-22,9-20-2025,6-13-25,1-5,38-1,1244,Fall,,
38,3,10m,,,northern dewberry,1,"41°3'19"" N","75°24'7"" W",,4-25-22,4-25-22,9-20-2025,6-13-25,1-5,38-1,1244,Fall,,
38,3,5m,,,western bracken fern,1,"41°3'19"" N","75°24'7"" W",,4-25-22,4-25-22,9-20-2025,6-13-25,1-5,38-1,1244,Fall,,
38,3,5m,,,black huckleberry,4,"41°3'19"" N","75°24'7"" W",,4-25-22,4-25-22,9-20-2025,6-13-25,1-5,38-1,1244,Fall,,
38,3,5m,,,sheep laurel,3,"41°3'19"" N","75°24'7"" W",,4-25-22,4-25-22,9-20-2025,6-13-25,1-5,38-1,1244,Fall,,
38,3,5m,,,northern dewberry,3,"41°3'19"" N","75°24'7"" W",,4-25-22,4-25-22,9-20-2025,6-13-25,1-5,38-1,1244,Fall,,
38,4,20m,,,teaberry,3,"41°3'19"" N","75°24'6"" W",,10-7-2024,6-18-2025,9-20-2025,38-2,0-1,38-3,348,Fall,,
38,4,20m,,,black huckleberry,3,"41°3'19"" N","75°24'6"" W",,10-7-2024,6-18-2025,9-20-2025,38-2,0-1,38-3,348,Fall,,
38,4,15m,,,teaberry,4,"41°3'19"" N","75°24'6"" W",,10-7-2024,6-18-2025,9-20-2025,38-2,0-1,38-3,348,Fall,,
38,4,15m,,,black huckleberry,3,"41°3'19"" N","75°24'6"" W",,10-7-2024,6-18-2025,9-20-2025,38-2,0-1,38-3,348,Fall,,
38,4,15m,,,catbriar,1,"41°3'19"" N","75°24'6"" W",,10-7-2024,6-18-2025,9-20-2025,38-2,0-1,38-3,348,Fall,,
38,4,15m,,,sassafras,1,"41°3'19"" N","75°24'6"" W",,10-7-2024,6-18-2025,9-20-2025,38-2,0-1,38-3,348,Fall,,
38,4,15m,,,western bracken fern,1,"41°3'19"" N","75°24'6"" W",,10-7-2024,6-18-2025,9-20-2025,38-2,0-1,38-3,348,Fall,,
38,4,15m,,,carex morpho 1,1,"41°3'19"" N","75°24'6"" W",,10-7-2024,6-18-2025,9-20-2025,38-2,0-1,38-3,348,Fall,,
38,4,10m,,,teaberry,4,"41°3'19"" N","75°24'6"" W",,10-7-2024,6-18-2025,9-20-2025,38-2,0-1,38-3,348,Fall,,
38,4,10m,,,black huckleberry,3,"41°3'19"" N","75°24'6"" W",,10-7-2024,6-18-2025,9-20-2025,38-2,0-1,38-3,348,Fall,,
38,4,10m,,,red oak ,1,"41°3'19"" N","75°24'6"" W",,10-7-2024,6-18-2025,9-20-2025,38-2,0-1,38-3,348,Fall,,
38,4,5m,,,black huckleberry,5,"41°3'19"" N","75°24'6"" W",,10-7-2024,6-18-2025,9-20-2025,38-2,0-1,38-3,348,Fall,,
38,4,5m,,,teaberry,4,"41°3'19"" N","75°24'6"" W",,10-7-2024,6-18-2025,9-20-2025,38-2,0-1,38-3,348,Fall,,
38,4,5m,,,northern dewberry,2,"41°3'19"" N","75°24'6"" W",,10-7-2024,6-18-2025,9-20-2025,38-2,0-1,38-3,348,Fall,,
38,7,20m,Vaccinium,corymbosum,highbush blueberry,3,41.04039,-75.40252,,6-17-14,6-17-14,6-18-2025,6-18-2025,10+,38-2,4019,Spring,,
211,8,20m,,,sassafras,2,"40°31'36"" N","76°33'48"" W",,3-23-21,3-23-21,9-28-2025,5-25-25,1-5,211-3,1650,Fall,,
211,8,20m,,,witchazel,2,"40°31'36"" N","76°33'48"" W",,3-23-21,3-23-21,9-28-2025,5-25-25,1-5,211-3,1650,Fall,,
211,8,20m,,,teaberry,4,"40°31'36"" N","76°33'48"" W",,3-23-21,3-23-21,9-28-2025,5-25-25,1-5,211-3,1650,Fall,,
211,8,20m,,,red maple,1,"40°31'36"" N","76°33'48"" W",,3-23-21,3-23-21,9-28-2025,5-25-25,1-5,211-3,1650,Fall,,
211,8,20m,,,black birch,3,"40°31'36"" N","76°33'48"" W",,3-23-21,3-23-21,9-28-2025,5-25-25,1-5,211-3,1650,Fall,,
211,8,20m,,,chestnut oak,1,"40°31'36"" N","76°33'48"" W",,3-23-21,3-23-21,9-28-2025,5-25-25,1-5,211-3,1650,Fall,,
211,8,20m,,,lowbush blueberry,3,"40°31'36"" N","76°33'48"" W",,3-23-21,3-23-21,9-28-2025,5-25-25,1-5,211-3,1650,Fall,,
211,8,20m,,,little bluestem,2,"40°31'36"" N","76°33'48"" W",,3-23-21,3-23-21,9-28-2025,5-25-25,1-5,211-3,1650,Fall,,
211,8,15m,,,tree of heaven,3,"40°31'36"" N","76°33'48"" W",,3-23-21,3-23-21,9-28-2025,5-25-25,1-5,211-3,1650,Fall,,
211,8,15m,,,northern dewberry,3,"40°31'36"" N","76°33'48"" W",,3-23-21,3-23-21,9-28-2025,5-25-25,1-5,211-3,1650,Fall,,
211,8,15m,,,Kentucky bluegrass,2,"40°31'36"" N","76°33'48"" W",,3-23-21,3-23-21,9-28-2025,5-25-25,1-5,211-3,1650,Fall,,
211,8,15m,,,little bluestem,2,"40°31'36"" N","76°33'48"" W",,3-23-21,3-23-21,9-28-2025,5-25-25,1-5,211-3,1650,Fall,,
211,8,15m,,,woolgrass,2,"40°31'36"" N","76°33'48"" W",,3-23-21,3-23-21,9-28-2025,5-25-25,1-5,211-3,1650,Fall,,
211,8,15m,,,black birch,3,"40°31'36"" N","76°33'48"" W",,3-23-21,3-23-21,9-28-2025,5-25-25,1-5,211-3,1650,Fall,,
211,8,15m,,,hay-scented fern,3,"40°31'36"" N","76°33'48"" W",,3-23-21,3-23-21,9-28-2025,5-25-25,1-5,211-3,1650,Fall,,
211,8,10m,,,sassafras,3,"40°31'36"" N","76°33'48"" W",,3-23-21,3-23-21,9-28-2025,5-25-25,1-5,211-3,1650,Fall,,
211,8,10m,,,hay-scented fern,3,"40°31'36"" N","76°33'48"" W",,3-23-21,3-23-21,9-28-2025,5-25-25,1-5,211-3,1650,Fall,,
211,8,10m,,,teaberry,4,"40°31'36"" N","76°33'48"" W",,3-23-21,3-23-21,9-28-2025,5-25-25,1-5,211-3,1650,Fall,,
211,8,10m,,,black birch,3,"40°31'36"" N","76°33'48"" W",,3-23-21,3-23-21,9-28-2025,5-25-25,1-5,211-3,1650,Fall,,
211,8,10m,,,carex morpho 1,1,"40°31'36"" N","76°33'48"" W",,3-23-21,3-23-21,9-28-2025,5-25-25,1-5,211-3,1650,Fall,,
211,8,10m,,,red maple,1,"40°31'36"" N","76°33'48"" W",,3-23-21,3-23-21,9-28-2025,5-25-25,1-5,211-3,1650,Fall,,
211,8,10m,,,Allegheny blackberry,3,"40°31'36"" N","76°33'48"" W",,3-23-21,3-23-21,9-28-2025,5-25-25,1-5,211-3,1650,Fall,,
211,8,5m,,,Allegheny blackberry,4,"40°31'36"" N","76°33'48"" W",,3-23-21,3-23-21,9-28-2025,5-25-25,1-5,211-3,1650,Fall,,
211,8,5m,,,hay-scented fern,3,"40°31'36"" N","76°33'48"" W",,3-23-21,3-23-21,9-28-2025,5-25-25,1-5,211-3,1650,Fall,,
211,8,5m,,,red oak,1,"40°31'36"" N","76°33'48"" W",,3-23-21,3-23-21,9-28-2025,5-25-25,1-5,211-3,1650,Fall,,
211,8,5m,,,black birch,4,"40°31'36"" N","76°33'48"" W",,3-23-21,3-23-21,9-28-2025,5-25-25,1-5,211-3,1650,Fall,,
211,8,5m,,,sassafras,2,"40°31'36"" N","76°33'48"" W",,3-23-21,3-23-21,9-28-2025,5-25-25,1-5,211-3,1650,Fall,,
211,8,5m,,,mountain laurel ,1,"40°31'36"" N","76°33'48"" W",,3-23-21,3-23-21,9-28-2025,5-25-25,1-5,211-3,1650,Fall,,
211,8,5m,,,whorled yellow loosestrife,1,"40°31'36"" N","76°33'48"" W",,3-23-21,3-23-21,9-28-2025,5-25-25,1-5,211-3,1650,Fall,,
211,3,20m,,,hay-scented fern,3,"40°31'29"" N","76°34'5"" W",,4-23-25,4-23-25,9-28-2025,5-18-25,0-1,211-1,158,Fall,,
211,3,20m,,,northern dewberry,3,"40°31'29"" N","76°34'5"" W",,4-23-25,4-23-25,9-28-2025,5-18-25,0-1,211-1,158,Fall,,
211,3,20m,,,witchazel,1,"40°31'29"" N","76°34'5"" W",,4-23-25,4-23-25,9-28-2025,5-18-25,0-1,211-1,158,Fall,,
211,3,20m,,,American burnweed,2,"40°31'29"" N","76°34'5"" W",,4-23-25,4-23-25,9-28-2025,5-18-25,0-1,211-1,158,Fall,,
211,3,20m,,,dichanthelium morpho 1,5,"40°31'29"" N","76°34'5"" W",,4-23-25,4-23-25,9-28-2025,5-18-25,0-1,211-1,158,Fall,,
211,3,20m,,,black huckleberry,1,"40°31'29"" N","76°34'5"" W",,4-23-25,4-23-25,9-28-2025,5-18-25,0-1,211-1,158,Fall,,
211,3,20m,,,sassafras,2,"40°31'29"" N","76°34'5"" W",,4-23-25,4-23-25,9-28-2025,5-18-25,0-1,211-1,158,Fall,,
211,3,20m,,,common woodland sedge,2,"40°31'29"" N","76°34'5"" W",,4-23-25,4-23-25,9-28-2025,5-18-25,0-1,211-1,158,Fall,,
211,3,15m,,,dichanthelium morpho 1,5,"40°31'29"" N","76°34'5"" W",,4-23-25,4-23-25,9-28-2025,5-18-25,0-1,211-1,158,Fall,,
211,3,15m,,,hay-scented fern,2,"40°31'29"" N","76°34'5"" W",,4-23-25,4-23-25,9-28-2025,5-18-25,0-1,211-1,158,Fall,,
211,3,15m,,,American burnweed,1,"40°31'29"" N","76°34'5"" W",,4-23-25,4-23-25,9-28-2025,5-18-25,0-1,211-1,158,Fall,,
211,3,15m,,,northern dewberry,2,"40°31'29"" N","76°34'5"" W",,4-23-25,4-23-25,9-28-2025,5-18-25,0-1,211-1,158,Fall,,
211,3,15m,,,common woodland sedge,2,"40°31'29"" N","76°34'5"" W",,4-23-25,4-23-25,9-28-2025,5-18-25,0-1,211-1,158,Fall,,
211,3,15m,,,whorled yellow loosestrife,1,"40°31'29"" N","76°34'5"" W",,4-23-25,4-23-25,9-28-2025,5-18-25,0-1,211-1,158,Fall,,
211,3,15m,,,black huckleberry,1,"40°31'29"" N","76°34'5"" W",,4-23-25,4-23-25,9-28-2025,5-18-25,0-1,211-1,158,Fall,,
211,3,10m,,,dichanthelium morpho 1,3,"40°31'29"" N","76°34'5"" W",,4-23-25,4-23-25,9-28-2025,5-18-25,0-1,211-1,158,Fall,,
211,3,10m,,,Japanese stiltgrass,3,"40°31'29"" N","76°34'5"" W",,4-23-25,4-23-25,9-28-2025,5-18-25,0-1,211-1,158,Fall,,
211,3,10m,,,northern dewberry,3,"40°31'29"" N","76°34'5"" W",,4-23-25,4-23-25,9-28-2025,5-18-25,0-1,211-1,158,Fall,,
211,3,10m,,,American burnweed,2,"40°31'29"" N","76°34'5"" W",,4-23-25,4-23-25,9-28-2025,5-18-25,0-1,211-1,158,Fall,,
211,3,10m,,,common blue violet,1,"40°31'29"" N","76°34'5"" W",,4-23-25,4-23-25,9-28-2025,5-18-25,0-1,211-1,158,Fall,,
211,3,10m,,,common woodland sedge,2,"40°31'29"" N","76°34'5"" W",,4-23-25,4-23-25,9-28-2025,5-18-25,0-1,211-1,158,Fall,,
211,3,5m,,,hay-scented fern,4,"40°31'29"" N","76°34'5"" W",,4-23-25,4-23-25,9-28-2025,5-18-25,0-1,211-1,158,Fall,,
211,3,5m,,,American burnweed,2,"40°31'29"" N","76°34'5"" W",,4-23-25,4-23-25,9-28-2025,5-18-25,0-1,211-1,158,Fall,,
211,3,5m,,,northern dewberry,3,"40°31'29"" N","76°34'5"" W",,4-23-25,4-23-25,9-28-2025,5-18-25,0-1,211-1,158,Fall,,
211,3,5m,,,common woodland sedge,2,"40°31'29"" N","76°34'5"" W",,4-23-25,4-23-25,9-28-2025,5-18-25,0-1,211-1,158,Fall,,
38,7,20m,Quercus,ilicifolia,scrub oak,3,41.04039,-75.40252,,6-17-14,6-17-14,6-18-2025,6-18-2025,10+,38-2,4019,Spring,,
38,7,15m,Kalmia,angustifolia,sheep laurel,2,41.04039,-75.40252,,6-17-14,6-17-14,6-18-2025,6-18-2025,10+,38-2,4019,Spring,,
38,7,15m,Vaccinium,corymbosum,highbush blueberry,4,41.04039,-75.40252,,6-17-14,6-17-14,6-18-2025,6-18-2025,10+,38-2,4019,Spring,,
38,7,15m,Hamamelis,virginiana,witch-hazel,2,41.04039,-75.40252,,6-17-14,6-17-14,6-18-2025,6-18-2025,10+,38-2,4019,Spring,,
38,7,15m,Aronia,melanocarpa,black chokeberry,1,41.04039,-75.40252,,6-17-14,6-17-14,6-18-2025,6-18-2025,10+,38-2,4019,Spring,,
38,7,10m,Quercus,ilicifolia,scrub oak,3,41.04039,-75.40252,,6-17-14,6-17-14,6-18-2025,6-18-2025,10+,38-2,4019,Spring,,
38,7,10m,Vaccinium,corymbosum,highbush blueberry,3,41.04039,-75.40252,,6-17-14,6-17-14,6-18-2025,6-18-2025,10+,38-2,4019,Spring,,
38,7,5m,Vaccinium,corymbosum,highbush blueberry,3,41.04039,-75.40252,,6-17-14,6-17-14,6-18-2025,6-18-2025,10+,38-2,4019,Spring,,
38,7,5m,Quercus,ilicifolia,scrub oak,2,41.04039,-75.40252,,6-17-14,6-17-14,6-18-2025,6-18-2025,10+,38-2,4019,Spring,,
38,8,20m,Quercus,ilicifolia,scrub oak,4,41.03942,-75.40184,,6-17-14,6-17-14,6-18-2025,6-18-2025,10+,38-2,4019,Spring,,
38,8,20m,Kalmia,angustifolia,sheep laurel,3,41.03942,-75.40184,,6-17-14,6-17-14,6-18-2025,6-18-2025,10+,38-2,4019,Spring,,
38,8,20m,Vaccinium,angustifolium,lowbush blueberry,2,41.03942,-75.40184,,6-17-14,6-17-14,6-18-2025,6-18-2025,10+,38-2,4019,Spring,,
38,8,15m,Kalmia,angustifolia,sheep laurel,1,41.03942,-75.40184,,6-17-14,6-17-14,6-18-2025,6-18-2025,10+,38-2,4019,Spring,,
38,8,15m,Quercus,ilicifolia,scrub oak,1,41.03942,-75.40184,,6-17-14,6-17-14,6-18-2025,6-18-2025,10+,38-2,4019,Spring,,
38,8,15m,Vaccinium,angustifolium,lowbush blueberry,1,41.03942,-75.40184,,6-17-14,6-17-14,6-18-2025,6-18-2025,10+,38-2,4019,Spring,,
38,8,15m,Sassafras,albidum,sassafras,1,41.03942,-75.40184,,6-17-14,6-17-14,6-18-2025,6-18-2025,10+,38-2,4019,Spring,,
38,8,15m,Gaylussacia,baccata,black huckleberry,1,41.03942,-75.40184,,6-17-14,6-17-14,6-18-2025,6-18-2025,10+,38-2,4019,Spring,,
38,8,15m,Quercus,ilicifolia,scrub oak,3,41.03942,-75.40184,,6-17-14,6-17-14,6-18-2025,6-18-2025,10+,38-2,4019,Spring,,
38,8,10m,Vaccinium,angustifolium,lowbush blueberry,2,41.03942,-75.40184,,6-17-14,6-17-14,6-18-2025,6-18-2025,10+,38-2,4019,Spring,,
38,8,10m,Gaylussacia,baccata,black huckleberry,2,41.03942,-75.40184,,6-17-14,6-17-14,6-18-2025,6-18-2025,10+,38-2,4019,Spring,,
38,8,10m,Quercus,ilicifolia,scrub oak,4,41.03942,-75.40184,,6-17-14,6-17-14,6-18-2025,6-18-2025,10+,38-2,4019,Spring,,
38,8,10m,Kalmia,angustifolia,sheep laurel,1,41.03942,-75.40184,,6-17-14,6-17-14,6-18-2025,6-18-2025,10+,38-2,4019,Spring,,
38,8,5m,Dennstaedtia,punctilobula,hay-scented fern,2,41.03942,-75.40184,,6-17-14,6-17-14,6-18-2025,6-18-2025,10+,38-2,4019,Spring,,
38,8,5m,Kalmia,angustifolia,sheep laurel,3,41.03942,-75.40184,,6-17-14,6-17-14,6-18-2025,6-18-2025,10+,38-2,4019,Spring,,
38,8,5m,Vaccinium,angustifolium,lowbush blueberry,3,41.03942,-75.40184,,6-17-14,6-17-14,6-18-2025,6-18-2025,10+,38-2,4019,Spring,,
38,8,5m,Quercus,ilicifolia,scrub oak,2,41.03942,-75.40184,,6-17-14,6-17-14,6-18-2025,6-18-2025,10+,38-2,4019,Spring,,
38,8,5m,Gaylussacia,baccata,black huckleberry,3,41.03942,-75.40184,,6-17-14,6-17-14,6-18-2025,6-18-2025,10+,38-2,4019,Spring,,
38,8,5m,Rubus,flagellaris,northern dewberry,1,41.03942,-75.40184,,6-17-14,6-17-14,6-18-2025,6-18-2025,10+,38-2,4019,Spring,,
38,9,20m,Kalmia,angustifolia,sheep laurel,2,41.03775,-75.40148,,6-17-14,6-17-14,6-18-2025,6-18-2025,10+,38-2,4019,Spring,,
38,9,20m,Quercus,ilicifolia,scrub oak,3,41.03775,-75.40148,,6-17-14,6-17-14,6-18-2025,6-18-2025,10+,38-2,4019,Spring,,
38,9,20m,Vaccinium,corymbosum,highbush blueberry,3,41.03775,-75.40148,,6-17-14,6-17-14,6-18-2025,6-18-2025,10+,38-2,4019,Spring,,
38,9,15m,Amianthium,muscitoxicum,fly poison,2,41.03775,-75.40148,,6-17-14,6-17-14,6-18-2025,6-18-2025,10+,38-2,4019,Spring,,
38,9,15m,Vaccinium,corymbosum,highbush blueberry,3,41.03775,-75.40148,,6-17-14,6-17-14,6-18-2025,6-18-2025,10+,38-2,4019,Spring,,
38,9,15m,Rubus,hispidus,dewberry,3,41.03775,-75.40148,,6-17-14,6-17-14,6-18-2025,6-18-2025,10+,38-2,4019,Spring,,
38,9,15m,Sassafras,albidum,sassafras,1,41.03775,-75.40148,,6-17-14,6-17-14,6-18-2025,6-18-2025,10+,38-2,4019,Spring,,
38,9,15m,Quercus,ilicifolia,scrub oak,2,41.03775,-75.40148,,6-17-14,6-17-14,6-18-2025,6-18-2025,10+,38-2,4019,Spring,,
38,9,10m,Sassafras,albidum,sassafras,1,41.03775,-75.40148,,6-17-14,6-17-14,6-18-2025,6-18-2025,10+,38-2,4019,Spring,,
38,9,10m,Quercus,ilicifolia,scrub oak,2,41.03775,-75.40148,,6-17-14,6-17-14,6-18-2025,6-18-2025,10+,38-2,4019,Spring,,
38,9,10m,Vaccinium,corymbosum,highbush blueberry,3,41.03775,-75.40148,,6-17-14,6-17-14,6-18-2025,6-18-2025,10+,38-2,4019,Spring,,
38,9,5m,Vaccinium,corymbosum,highbush blueberry,3,41.03775,-75.40148,,6-17-14,6-17-14,6-18-2025,6-18-2025,10+,38-2,4019,Spring,,
38,9,5m,Quercus,ilicifolia,scrub oak,3,41.03775,-75.40148,,6-17-14,6-17-14,6-18-2025,6-18-2025,10+,38-2,4019,Spring,,
38,10,20m,,,mountain laurel ,3,41.04447,-75.39289,47,Never,,6-13-2025,,Never,38-6,,,,
38,10,20m,,,red oak,1,41.04447,-75.39289,47,Never,,6-13-2025,,Never,38-6,,,,
38,10,20m,,,teaberry,2,41.04447,-75.39289,47,Never,,6-13-2025,,Never,38-6,,,,
38,10,20m,,,red maple,1,41.04447,-75.39289,47,Never,,6-13-2025,,Never,38-6,,,,
38,10,20m,,,dewberry,1,41.04447,-75.39289,47,Never,,6-13-2025,,Never,38-6,,,,
38,10,15m,,,highbush blueberry,4,41.04447,-75.39289,47,Never,,6-13-2025,,Never,38-6,,,,
38,10,15m,,,red oak,3,41.04447,-75.39289,47,Never,,6-13-2025,,Never,38-6,,,,
38,10,15m,,,hairmoss,1,41.04447,-75.39289,47,Never,,6-13-2025,,Never,38-6,,,,
38,10,15m,,,dewberry,1,41.04447,-75.39289,47,Never,,6-13-2025,,Never,38-6,,,,
38,10,10m,,,black chokeberry,1,41.04447,-75.39289,47,Never,,6-13-2025,,Never,38-6,,,,
38,10,10m,,,highbush blueberry,4,41.04447,-75.39289,47,Never,,6-13-2025,,Never,38-6,,,,
38,10,10m,,,teaberry,3,41.04447,-75.39289,47,Never,,6-13-2025,,Never,38-6,,,,
38,10,10m,,,mountain laurel ,2,41.04447,-75.39289,47,Never,,6-13-2025,,Never,38-6,,,,
38,10,10m,,,fly poison,1,41.04447,-75.39289,47,Never,,6-13-2025,,Never,38-6,,,,
38,10,10m,,,red oak,3,41.04447,-75.39289,47,Never,,6-13-2025,,Never,38-6,,,,
38,10,10m,,,red maple,1,41.04447,-75.39289,47,Never,,6-13-2025,,Never,38-6,,,,
38,10,5m,,,Allegheny blackberry,1,41.04447,-75.39289,47,Never,,6-13-2025,,Never,38-6,,,,
38,10,5m,,,witchazel,1,41.04447,-75.39289,47,Never,,6-13-2025,,Never,38-6,,,,
38,10,5m,,,sheep laurel,2,41.04447,-75.39289,47,Never,,6-13-2025,,Never,38-6,,,,
38,10,5m,,,PA sedge,2,41.04447,-75.39289,47,Never,,6-13-2025,,Never,38-6,,,,
38,10,5m,,,teaberry,4,41.04447,-75.39289,47,Never,,6-13-2025,,Never,38-6,,,,
38,10,5m,,,black tupelo,1,41.04447,-75.39289,47,Never,,6-13-2025,,Never,38-6,,,,
38,10,5m,,,sassafras,1,41.04447,-75.39289,47,Never,,6-13-2025,,Never,38-6,,,,
38,10,5m,,,scrub oak,2,41.04447,-75.39289,47,Never,,6-13-2025,,Never,38-6,,,,
38,11,20m,,,highbush blueberry,4,41.04442,-75.39154,0,Never,,6-13-2025,,Never,38-6,,,,
38,11,20m,,,mountain laurel ,3,41.04442,-75.39154,0,Never,,6-13-2025,,Never,38-6,,,,
38,11,20m,,,teaberry,2,41.04442,-75.39154,0,Never,,6-13-2025,,Never,38-6,,,,
38,11,15m,,,mountain laurel ,5,41.04442,-75.39154,0,Never,,6-13-2025,,Never,38-6,,,,
38,11,15m,,,scrub oak,1,41.04442,-75.39154,0,Never,,6-13-2025,,Never,38-6,,,,
38,11,15m,,,witchazel,1,41.04442,-75.39154,0,Never,,6-13-2025,,Never,38-6,,,,
38,11,10m,,,teaberry,3,41.04442,-75.39154,0,Never,,6-13-2025,,Never,38-6,,,,
38,11,10m,,,highbush blueberry,3,41.04442,-75.39154,0,Never,,6-13-2025,,Never,38-6,,,,
38,11,10m,,,mountain laurel ,3,41.04442,-75.39154,0,Never,,6-13-2025,,Never,38-6,,,,
38,11,10m,,,dewberry,1,41.04442,-75.39154,0,Never,,6-13-2025,,Never,38-6,,,,
38,11,5m,,,scrub oak,2,41.04442,-75.39154,0,Never,,6-13-2025,,Never,38-6,,,,
38,11,5m,,,highbush blueberry,3,41.04442,-75.39154,0,Never,,6-13-2025,,Never,38-6,,,,
38,11,5m,,,mountain laurel ,4,41.04442,-75.39154,0,Never,,6-13-2025,,Never,38-6,,,,
38,11,5m,,,dewberry,1,41.04442,-75.39154,0,Never,,6-13-2025,,Never,38-6,,,,
38,11,5m,,,teaberry,2,41.04442,-75.39154,0,Never,,6-13-2025,,Never,38-6,,,,
38,12,20m,,,highbush blueberry,3,41.04569,-75.39307,101,Never,,6-13-2025,,Never,38-6,,,,
38,12,20m,,,sassafras,2,41.04569,-75.39307,101,Never,,6-13-2026,,Never,38-6,,,,
38,12,20m,,,teaberry,2,41.04569,-75.39307,101,Never,,6-13-2027,,Never,38-6,,,,
38,12,20m,,,red maple,1,41.04569,-75.39307,101,Never,,6-13-2028,,Never,38-6,,,,
38,12,20m,,,red oak,1,41.04569,-75.39307,101,Never,,6-13-2029,,Never,38-6,,,,
38,12,15m,,,PA sedge,2,41.04569,-75.39307,101,Never,,6-13-2030,,Never,38-6,,,,
38,12,15m,,,teaberry,2,41.04569,-75.39307,101,Never,,6-13-2031,,Never,38-6,,,,
38,12,15m,,,sassafras,2,41.04569,-75.39307,101,Never,,6-13-2032,,Never,38-6,,,,
38,12,15m,,,highbush blueberry,3,41.04569,-75.39307,101,Never,,6-13-2033,,Never,38-6,,,,
38,12,15m,,,sheep laurel,1,41.04569,-75.39307,101,Never,,6-13-2034,,Never,38-6,,,,
38,12,10m,,,sassafras,2,41.04569,-75.39307,101,Never,,6-13-2035,,Never,38-6,,,,
38,12,10m,,,teaberry,3,41.04569,-75.39307,101,Never,,6-13-2036,,Never,38-6,,,,
38,12,10m,,,highbush blueberry,3,41.04569,-75.39307,101,Never,,6-13-2037,,Never,38-6,,,,
38,12,10m,,,sheep laurel,2,41.04569,-75.39307,101,Never,,6-13-2038,,Never,38-6,,,,
38,12,10m,,,dewberry,1,41.04569,-75.39307,101,Never,,6-13-2039,,Never,38-6,,,,
38,12,5m,,,highbush blueberry,3,41.04569,-75.39307,101,Never,,6-13-2040,,Never,38-6,,,,
38,12,5m,,,sheep laurel,2,41.04569,-75.39307,101,Never,,6-13-2041,,Never,38-6,,,,
38,12,5m,,,PA sedge,2,41.04569,-75.39307,101,Never,,6-13-2042,,Never,38-6,,,,
38,12,5m,,,shining clubmoss,3,41.04569,-75.39307,101,Never,,6-13-2043,,Never,38-6,,,,
38,12,5m,,,sassafras,1,41.04569,-75.39307,101,Never,,6-13-2044,,Never,38-6,,,,
38,12,5m,,,teaberry,2,41.04569,-75.39307,101,Never,,6-13-2045,,Never,38-6,,,,
38,12,5m,,,whorled yellow loosestrife,1,41.04569,-75.39307,101,Never,,6-13-2046,,Never,38-6,,,,
38,12,5m,,,dewberry,1,41.04569,-75.39307,101,Never,,6-13-2047,,Never,38-6,,,,
38,13,20m,,,scrub oak,3,41.04377,-75.40024,,5-22-2023,,7-9-2025,,1-5,38-4,779,,,
38,13,20m,,,teaberry,3,41.04377,-75.40024,,5-22-2023,,7-9-2025,,1-5,38-4,779,,,
38,13,20m,,,red maple,1,41.04377,-75.40024,,5-22-2023,,7-9-2025,,1-5,38-4,779,,,
38,13,20m,,,black huckleberry,3,41.04377,-75.40024,,5-22-2023,,7-9-2025,,1-5,38-4,779,,,
38,13,20m,,,sheep laurel,1,41.04377,-75.40024,,5-22-2023,,7-9-2025,,1-5,38-4,779,,,
38,13,20m,,,fly poison,2,41.04377,-75.40024,,5-22-2023,,7-9-2025,,1-5,38-4,779,,,
38,13,20m,,,sassafras,1,41.04377,-75.40024,,5-22-2023,,7-9-2025,,1-5,38-4,779,,,
38,13,15m,,,black huckleberry,3,41.04377,-75.40024,,5-22-2023,,7-9-2025,,1-5,38-4,779,,,
38,13,15m,,,teaberry,3,41.04377,-75.40024,,5-22-2023,,7-9-2025,,1-5,38-4,779,,,
38,13,15m,,,dewberry,2,41.04377,-75.40024,,5-22-2023,,7-9-2025,,1-5,38-4,779,,,
38,13,15m,,,sassafras,2,41.04377,-75.40024,,5-22-2023,,7-9-2025,,1-5,38-4,779,,,
38,13,15m,,,red maple,1,41.04377,-75.40024,,5-22-2023,,7-9-2025,,1-5,38-4,779,,,
38,13,15m,,,chestnut oak,1,41.04377,-75.40024,,5-22-2023,,7-9-2025,,1-5,38-4,779,,,
38,13,15m,,,sheep laurel,2,41.04377,-75.40024,,5-22-2023,,7-9-2025,,1-5,38-4,779,,,
38,13,15m,,,common woodland sedge,3,41.04377,-75.40024,,5-22-2023,,7-9-2025,,1-5,38-4,779,,,
38,13,10m,,,red maple,1,41.04377,-75.40024,,5-22-2023,,7-9-2025,,1-5,38-4,779,,,
38,13,10m,,,black huckleberry,4,41.04377,-75.40024,,5-22-2023,,7-9-2025,,1-5,38-4,779,,,
38,13,10m,,,common woodland sedge,2,41.04377,-75.40024,,5-22-2023,,7-9-2025,,1-5,38-4,779,,,
38,13,10m,,,dewberry,2,41.04377,-75.40024,,5-22-2023,,7-9-2025,,1-5,38-4,779,,,
38,13,10m,,,teaberry,3,41.04377,-75.40024,,5-22-2023,,7-9-2025,,1-5,38-4,779,,,
38,13,10m,,,sassafras,1,41.04377,-75.40024,,5-22-2023,,7-9-2025,,1-5,38-4,779,,,
38,13,10m,,,western bracken fern,1,41.04377,-75.40024,,5-22-2023,,7-9-2025,,1-5,38-4,779,,,
38,13,5m,,,dewberry,2,41.04377,-75.40024,,5-22-2023,,7-9-2025,,1-5,38-4,779,,,
38,13,5m,,,sassafras,2,41.04377,-75.40024,,5-22-2023,,7-9-2025,,1-5,38-4,779,,,
38,13,5m,,,black huckleberry,4,41.04377,-75.40024,,5-22-2023,,7-9-2025,,1-5,38-4,779,,,
38,13,5m,,,teaberry,3,41.04377,-75.40024,,5-22-2023,,7-9-2025,,1-5,38-4,779,,,
38,13,5m,,,common woodland sedge,1,41.04377,-75.40024,,5-22-2023,,7-9-2025,,1-5,38-4,779,,,
38,13,5m,,,scrub oak,1,41.04377,-75.40024,,5-22-2023,,7-9-2025,,1-5,38-4,779,,,
38,14,20m,,,sassafras,2,41.04416,-75.3975,,5-22-2023,,7-9-2025,,1-5,38-4,779,,,
38,14,20m,,,teaberry,3,41.04416,-75.3975,,5-22-2023,,7-9-2025,,1-5,38-4,779,,,
38,14,20m,,,black chokeberry,2,41.04416,-75.3975,,5-22-2023,,7-9-2025,,1-5,38-4,779,,,
38,14,20m,,,black huckleberry,3,41.04416,-75.3975,,5-22-2023,,7-9-2025,,1-5,38-4,779,,,
38,14,20m,,,lowbush blueberry,2,41.04416,-75.3975,,5-22-2023,,7-9-2025,,1-5,38-4,779,,,
38,14,20m,,,red maple,1,41.04416,-75.3975,,5-22-2023,,7-9-2025,,1-5,38-4,779,,,
38,14,20m,,,fly poison,2,41.04416,-75.3975,,5-22-2023,,7-9-2025,,1-5,38-4,779,,,
38,14,20m,,,scrub oak,1,41.04416,-75.3975,,5-22-2023,,7-9-2025,,1-5,38-4,779,,,
38,14,20m,,,Indian cucumber,1,41.04416,-75.3975,,5-22-2023,,7-9-2025,,1-5,38-4,779,,,
38,14,20m,,,witherod,1,41.04416,-75.3975,,5-22-2023,,7-9-2025,,1-5,38-4,779,,,
38,14,15m,,,black huckleberry,4,41.04416,-75.3975,,5-22-2023,,7-9-2025,,1-5,38-4,779,,,
38,14,15m,,,common serviceberry,1,41.04416,-75.3975,,5-22-2023,,7-9-2025,,1-5,38-4,779,,,
38,14,15m,,,sheep laurel,3,41.04416,-75.3975,,5-22-2023,,7-9-2025,,1-5,38-4,779,,,
38,14,15m,,,teaberry,3,41.04416,-75.3975,,5-22-2023,,7-9-2025,,1-5,38-4,779,,,
38,14,15m,,,red maple,1,41.04416,-75.3975,,5-22-2023,,7-9-2025,,1-5,38-4,779,,,
38,14,15m,,,lowbush blueberry,1,41.04416,-75.3975,,5-22-2023,,7-9-2025,,1-5,38-4,779,,,
38,14,15m,,,Indian cucumber,1,41.04416,-75.3975,,5-22-2023,,7-9-2025,,1-5,38-4,779,,,
38,14,10m,,,fly poison,2,41.04416,-75.3975,,5-22-2023,,7-9-2025,,1-5,38-4,779,,,
38,14,10m,,,black huckleberry,3,41.04416,-75.3975,,5-22-2023,,7-9-2025,,1-5,38-4,779,,,
38,14,10m,,,lowbush blueberry,3,41.04416,-75.3975,,5-22-2023,,7-9-2025,,1-5,38-4,779,,,
38,14,10m,,,common serviceberry,2,41.04416,-75.3975,,5-22-2023,,7-9-2025,,1-5,38-4,779,,,
38,14,10m,,,sheep laurel,2,41.04416,-75.3975,,5-22-2023,,7-9-2025,,1-5,38-4,779,,,
38,14,10m,,,Indian cucumber,1,41.04416,-75.3975,,5-22-2023,,7-9-2025,,1-5,38-4,779,,,
38,14,10m,,,red maple,1,41.04416,-75.3975,,5-22-2023,,7-9-2025,,1-5,38-4,779,,,
38,14,10m,,,teaberry,3,41.04416,-75.3975,,5-22-2023,,7-9-2025,,1-5,38-4,779,,,
38,14,10m,,,sassafras,1,41.04416,-75.3975,,5-22-2023,,7-9-2025,,1-5,38-4,779,,,
38,14,5m,,,black huckleberry,3,41.04416,-75.3975,,5-22-2023,,7-9-2025,,1-5,38-4,779,,,
38,14,5m,,,scrub oak,3,41.04416,-75.3975,,5-22-2023,,7-9-2025,,1-5,38-4,779,,,
38,14,5m,,,common serviceberry,1,41.04416,-75.3975,,5-22-2023,,7-9-2025,,1-5,38-4,779,,,
38,14,5m,,,red maple,1,41.04416,-75.3975,,5-22-2023,,7-9-2025,,1-5,38-4,779,,,
38,14,5m,,,lowbush blueberry,3,41.04416,-75.3975,,5-22-2023,,7-9-2025,,1-5,38-4,779,,,
38,15,20m,,,teaberry,4,41.04438,-75.39421,,5-22-2023,,7-9-2025,,1-5,38-4,779,,,
38,15,20m,,,sassafras,2,41.04438,-75.39421,,5-22-2023,,7-9-2025,,1-5,38-4,779,,,
38,15,20m,,,black huckleberry,2,41.04438,-75.39421,,5-22-2023,,7-9-2025,,1-5,38-4,779,,,
38,15,20m,,,sheep laurel,3,41.04438,-75.39421,,5-22-2023,,7-9-2025,,1-5,38-4,779,,,
38,15,20m,,,black chokeberry,1,41.04438,-75.39421,,5-22-2023,,7-9-2025,,1-5,38-4,779,,,
38,15,15m,,,sassafras,3,41.04438,-75.39421,,5-22-2023,,7-9-2025,,1-5,38-4,779,,,
38,15,15m,,,scrub oak,3,41.04438,-75.39421,,5-22-2023,,7-9-2025,,1-5,38-4,779,,,
38,15,15m,,,teaberry,3,41.04438,-75.39421,,5-22-2023,,7-9-2025,,1-5,38-4,779,,,
38,15,15m,,,witchazel,1,41.04438,-75.39421,,5-22-2023,,7-9-2025,,1-5,38-4,779,,,
38,15,15m,,,sheep laurel,3,41.04438,-75.39421,,5-22-2023,,7-9-2025,,1-5,38-4,779,,,
38,15,15m,,,black huckleberry,2,41.04438,-75.39421,,5-22-2023,,7-9-2025,,1-5,38-4,779,,,
38,15,15m,,,black chokeberry,2,41.04438,-75.39421,,5-22-2023,,7-9-2025,,1-5,38-4,779,,,
38,15,10m,,,scrub oak,2,41.04438,-75.39421,,5-22-2023,,7-9-2025,,1-5,38-4,779,,,
38,15,10m,,,sassafras,2,41.04438,-75.39421,,5-22-2023,,7-9-2025,,1-5,38-4,779,,,
38,15,10m,,,teaberry,4,41.04438,-75.39421,,5-22-2023,,7-9-2025,,1-5,38-4,779,,,
38,15,10m,,,witchazel,1,41.04438,-75.39421,,5-22-2023,,7-9-2025,,1-5,38-4,779,,,
38,15,10m,,,sheep laurel,3,41.04438,-75.39421,,5-22-2023,,7-9-2025,,1-5,38-4,779,,,
38,15,10m,,,lowbush blueberry,2,41.04438,-75.39421,,5-22-2023,,7-9-2025,,1-5,38-4,779,,,
38,15,10m,,,mountain laurel ,2,41.04438,-75.39421,,5-22-2023,,7-9-2025,,1-5,38-4,779,,,
38,15,10m,,,dewberry,2,41.04438,-75.39421,,5-22-2023,,7-9-2025,,1-5,38-4,779,,,
38,15,10m,,,Indian cucumber,1,41.04438,-75.39421,,5-22-2023,,7-9-2025,,1-5,38-4,779,,,
38,15,5m,,,witchazel,1,41.04438,-75.39421,,5-22-2023,,7-9-2025,,1-5,38-4,779,,,
38,15,5m,,,scrub oak,4,41.04438,-75.39421,,5-22-2023,,7-9-2025,,1-5,38-4,779,,,
38,15,5m,,,black huckleberry,2,41.04438,-75.39421,,5-22-2023,,7-9-2025,,1-5,38-4,779,,,
38,15,5m,,,dewberry,3,41.04438,-75.39421,,5-22-2023,,7-9-2025,,1-5,38-4,779,,,
38,15,5m,,,black chokeberry,1,41.04438,-75.39421,,5-22-2023,,7-9-2025,,1-5,38-4,779,,,
38,15,5m,,,sheep laurel,1,41.04438,-75.39421,,5-22-2023,,7-9-2025,,1-5,38-4,779,,,
38,16,5m,,,black huckleberry,4,,,,10-17-2024,,7-12-2025,,0-1,38-5,268,,,
38,16,5m,,,scrub oak,3,,,,10-17-2024,,7-12-2025,,0-1,38-5,268,,,
38,16,5m,,,teaberry,3,,,,10-17-2024,,7-12-2025,,0-1,38-5,268,,,
38,16,5m,,,sassafras,1,,,,10-17-2024,,7-12-2025,,0-1,38-5,268,,,
38,16,5m,,,sheep laurel,1,,,,10-17-2024,,7-12-2025,,0-1,38-5,268,,,
38,16,5m,,,lowbush blueberry,1,,,,10-17-2024,,7-12-2025,,0-1,38-5,268,,,
38,16,5m,,,American cow-wheat,5,,,,10-17-2024,,7-12-2025,,0-1,38-5,268,,,
38,16,10m,,,black huckleberry,4,,,,10-17-2024,,7-12-2025,,0-1,38-5,268,,,
38,16,10m,,,teaberry,3,,,,10-17-2024,,7-12-2025,,0-1,38-5,268,,,
38,16,10m,,,lowbush blueberry,3,,,,10-17-2024,,7-12-2025,,0-1,38-5,268,,,
38,16,10m,,,sassafras,1,,,,10-17-2024,,7-12-2025,,0-1,38-5,268,,,
38,16,10m,,,large whorled pogonia,1,,,,10-17-2024,,7-12-2025,,0-1,38-5,268,,,
38,16,10m,,,scrub oak,2,,,,10-17-2024,,7-12-2025,,0-1,38-5,268,,,
38,16,10m,,,fly poison,1,,,,10-17-2024,,7-12-2025,,0-1,38-5,268,,,
38,16,15m,,,black huckleberry,4,,,,10-17-2024,,7-12-2025,,0-1,38-5,268,,,
38,16,15m,,,teaberry,3,,,,10-17-2024,,7-12-2025,,0-1,38-5,268,,,
38,16,15m,,,sassafras,1,,,,10-17-2024,,7-12-2025,,0-1,38-5,268,,,
38,16,15m,,,black chokeberry,1,,,,10-17-2024,,7-12-2025,,0-1,38-5,268,,,
38,16,20m,,,black huckleberry,4,,,,10-17-2024,,7-12-2025,,0-1,38-5,268,,,
38,16,20m,,,grey birch,2,,,,10-17-2024,,7-12-2025,,0-1,38-5,268,,,
38,16,20m,,,teaberry,3,,,,10-17-2024,,7-12-2025,,0-1,38-5,268,,,
38,16,20m,,,lowbush blueberry,2,,,,10-17-2024,,7-12-2025,,0-1,38-5,268,,,
38,17,5m,,,black huckleberry,4,41.05393,-75.40038,,10-17-2024,,7-12-2025,,0-1,38-5,268,,,
38,17,5m,,,black chokeberry,1,41.05393,-75.40038,,10-17-2024,,7-12-2025,,0-1,38-5,268,,,
38,17,5m,,,sassafras,2,41.05393,-75.40038,,10-17-2024,,7-12-2025,,0-1,38-5,268,,,
38,17,5m,,,western bracken fern,1,41.05393,-75.40038,,10-17-2024,,7-12-2025,,0-1,38-5,268,,,
38,17,5m,,,sheep laurel,1,41.05393,-75.40038,,10-17-2024,,7-12-2025,,0-1,38-5,268,,,
38,17,5m,,,northern dewberry,1,41.05393,-75.40038,,10-17-2024,,7-12-2025,,0-1,38-5,268,,,
38,17,10m,,,teaberry,3,41.05393,-75.40038,,10-17-2024,,7-12-2025,,0-1,38-5,268,,,
38,17,10m,,,sassafras,2,41.05393,-75.40038,,10-17-2024,,7-12-2025,,0-1,38-5,268,,,
38,17,10m,,,scrub oak,1,41.05393,-75.40038,,10-17-2024,,7-12-2025,,0-1,38-5,268,,,
38,17,10m,,,black huckleberry,2,41.05393,-75.40038,,10-17-2024,,7-12-2025,,0-1,38-5,268,,,
38,17,10m,,,black chokeberry,1,41.05393,-75.40038,,10-17-2024,,7-12-2025,,0-1,38-5,268,,,
38,17,10m,,,sheep laurel,2,41.05393,-75.40038,,10-17-2024,,7-12-2025,,0-1,38-5,268,,,
38,17,15m,,,sassafras,2,41.05393,-75.40038,,10-17-2024,,7-12-2025,,0-1,38-5,268,,,
38,17,15m,,,teaberry,4,41.05393,-75.40038,,10-17-2024,,7-12-2025,,0-1,38-5,268,,,
38,17,15m,,,sheep laurel,2,41.05393,-75.40038,,10-17-2024,,7-12-2025,,0-1,38-5,268,,,
38,17,15m,,,lowbush blueberry,2,41.05393,-75.40038,,10-17-2024,,7-12-2025,,0-1,38-5,268,,,
38,17,15m,,,American cow-wheat,1,41.05393,-75.40038,,10-17-2024,,7-12-2025,,0-1,38-5,268,,,
38,17,15m,,,red maple,1,41.05393,-75.40038,,10-17-2024,,7-12-2025,,0-1,38-5,268,,,
38,17,20m,,,black huckleberry,4,41.05393,-75.40038,,10-17-2024,,7-12-2025,,0-1,38-5,268,,,
38,17,20m,,,sassafras,5,41.05393,-75.40038,,10-17-2024,,7-12-2025,,0-1,38-5,268,,,
38,17,20m,,,northern dewberry,2,41.05393,-75.40038,,10-17-2024,,7-12-2025,,0-1,38-5,268,,,
38,17,20m,,,teaberry,2,41.05393,-75.40038,,10-17-2024,,7-12-2025,,0-1,38-5,268,,,
38,17,20m,,,lowbush blueberry,1,41.05393,-75.40038,,10-17-2024,,7-12-2025,,0-1,38-5,268,,,
38,18,5m,,,scrub oak,3,41.05519,-75.4017,,10-17-2024,,7-12-2025,,0-1,38-5,268,,,
38,18,5m,,,teaberry,4,41.05519,-75.4017,,10-17-2024,,7-12-2025,,0-1,38-5,268,,,
38,18,5m,,,sheep laurel,3,41.05519,-75.4017,,10-17-2024,,7-12-2025,,0-1,38-5,268,,,
38,18,5m,,,lowbush blueberry,2,41.05519,-75.4017,,10-17-2024,,7-12-2025,,0-1,38-5,268,,,
38,18,5m,,,black huckleberry,5,41.05519,-75.4017,,10-17-2024,,7-12-2025,,0-1,38-5,268,,,
38,18,5m,,,western bracken fern,1,41.05519,-75.4017,,10-17-2024,,7-12-2025,,0-1,38-5,268,,,
38,18,10m,,,black huckleberry,4,41.05519,-75.4017,,10-17-2024,,7-12-2025,,0-1,38-5,268,,,
38,18,10m,,,teaberry,4,41.05519,-75.4017,,10-17-2024,,7-12-2025,,0-1,38-5,268,,,
38,18,10m,,,western bracken fern,1,41.05519,-75.4017,,10-17-2024,,7-12-2025,,0-1,38-5,268,,,
38,18,15m,,,black huckleberry,4,41.05519,-75.4017,,10-17-2024,,7-12-2025,,0-1,38-5,268,,,
38,18,15m,,,teaberry,4,41.05519,-75.4017,,10-17-2024,,7-12-2025,,0-1,38-5,268,,,
38,18,15m,,,sassafras,2,41.05519,-75.4017,,10-17-2024,,7-12-2025,,0-1,38-5,268,,,
38,18,15m,,,red maple,1,41.05519,-75.4017,,10-17-2024,,7-12-2025,,0-1,38-5,268,,,
38,18,15m,,,American cow-wheat,1,41.05519,-75.4017,,10-17-2024,,7-12-2025,,0-1,38-5,268,,,
38,18,20m,,,teaberry,4,41.05519,-75.4017,,10-17-2024,,7-12-2025,,0-1,38-5,268,,,
38,18,20m,,,black huckleberry,3,41.05519,-75.4017,,10-17-2024,,7-12-2025,,0-1,38-5,268,,,
38,18,20m,,,scrub oak,2,41.05519,-75.4017,,10-17-2024,,7-12-2025,,0-1,38-5,268,,,
38,18,20m,,,sassafras,1,41.05519,-75.4017,,10-17-2024,,7-12-2025,,0-1,38-5,268,,,
38,18,20m,,,dewberry,1,41.05519,-75.4017,,10-17-2024,,7-12-2025,,0-1,38-5,268,,,
